timestamp,open,high,low,close,volume,quote_volume,ema_10,ema_20,sma_10,sma_20,bb_bbm,bb_bbh,bb_bbl,bb_width,atr_14,rsi_14,macd,macd_signal,macd_diff,obv,cci_20,williamsr_14,stochrsi,stochrsi_k,stochrsi_d,adx_14,adx_pos,adx_neg,mfi_14,return_1,return_3,return_5,volatility_5,volatility_10,future_max_8,future_min_8,future_max_16,future_min_16,hour,dayofweek,label
2025-03-19 00:00:00,82715.03,82791.9,82603.2,82741.09,136.11858,11255669.6713551,82741.09,82741.09,82741.09,82741.09,82741.09,82741.09,82741.09,0.0,0.0,100.0,0.0,0.0,0.0,136.11858,0.0,-26.926338102807872,0.0,0.0,0.0,0.0,0.0,0.0,50.0,0.0,0.0,0.0,0.0,0.0,83118.0,82598.7,83118.0,82598.7,0,2,1
2025-03-19 00:15:00,82741.1,83014.0,82726.38,82930.55,187.10317,15512547.158073802,82775.53727272726,82759.13380952382,82835.82,82835.82,82835.82,83025.28,82646.36000000002,0.4574349599001781,0.0,100.0,15.11361823361949,3.0227236467238985,12.090894586895592,323.22175000000004,66.66666666666667,-20.314021421615507,0.0,0.0,0.0,0.0,0.0,0.0,100.0,0.0022897933783565527,0.0,0.0,0.0,0.0,83118.0,82598.7,83118.0,82598.7,0,2,0
2025-03-19 00:30:00,82930.54,83203.14,82930.54,82984.24,199.60737,16583984.0873454,82813.48322314049,82780.57249433108,82885.29333333333,82885.29333333333,82885.29333333333,83093.88611066648,82676.70055600019,0.50332880284146,0.0,100.0,31.065500117692864,8.631278940917692,22.43422117677517,522.8291200000001,94.21353538150667,-36.486982031535376,0.0,0.0,0.0,0.0,0.0,0.0,100.0,0.0006474091875672272,0.0,0.0,0.0,0.0,83118.0,82598.7,83118.0,82598.7,0,2,0
2025-03-19 00:45:00,82984.24,83280.0,82984.23,83118.0,425.78695,35412827.2267437,82868.8499098422,82812.70844725193,82943.47,82943.47,82943.47,83214.11276195753,82672.82723804248,0.6525957063468073,0.0,100.0,53.87970387167297,17.68096392706875,36.19873994460423,948.61607,87.4822064582437,-23.936170212765855,0.0,0.0,0.0,0.0,0.0,0.0,100.0,0.0016118723266007606,0.004555294110822228,0.0,0.0,0.0,82899.92,82598.7,83037.17,82598.7,0,2,0
2025-03-19 01:00:00,83118.0,83166.3,82864.2,82869.51,125.90867,10451293.2170135,82868.96992623452,82818.11811894222,82928.678,82928.678,82928.678,83177.87442032743,82679.48157967257,0.6009897331956157,0.0,56.45735575923405,51.31750221029506,24.40827158371401,26.90923062658105,822.7074,11.14305679888085,-60.651595744681366,0.0,0.0,0.0,0.0,0.0,0.0,86.59453136176617,-0.002989605139681051,-0.0007360375639617889,0.0,139.30503390043054,0.0,82934.26,82598.7,83037.17,82598.7,1,2,0
2025-03-19 01:15:00,82869.51,82971.7,82794.69,82841.42,138.96006,11514492.2582116,82863.96084873733,82820.33734570963,82914.135,82914.135,82914.135,83150.73386636809,82677.5361336319,0.5707081581882051,0.0,53.61530962141056,46.484466695430456,28.823510606057305,17.66095608937315,683.74734,-39.23071885876747,-64.80200945626476,0.0,0.0,0.0,0.0,0.0,0.0,75.4454459786707,-0.0003389666476849573,-0.0017210496836508327,0.001212577692655481,109.58449812815508,0.0,82934.26,82598.7,83037.17,82598.7,1,2,0
2025-03-19 01:30:00,82841.41,82965.22,82815.21,82899.92,103.4681,8576066.7789881,82870.49887623962,82827.91664611825,82912.10428571429,82912.10428571429,82912.10428571429,83131.3780675767,82692.83050385187,0.5289306881099054,0.0,58.320935184111875,46.83482956333319,32.425774397512484,14.409055165820703,787.2154400000001,-23.381500519499383,-56.158392434988194,0.0,0.0,0.0,0.0,0.0,0.0,77.59404520002695,0.0007061684843161498,-0.0026237397434971665,-0.00036934519305620306,111.69173075926196,0.0,82934.26,82598.7,83153.54,82598.7,1,2,0
2025-03-19 01:45:00,82899.93,83082.97,82582.0,82598.7,381.06422,31566632.986894,82821.08089874151,82806.08648934509,82872.92874999999,82872.92874999999,82872.92874999999,83164.55025168283,82581.30724831716,0.703779885860099,0.0,37.32438369699299,22.546654265388497,30.449950371087688,-7.903296105699191,406.1512200000001,-98.07250809070115,-97.60744985673394,0.0,0.0,0.0,0.0,0.0,0.0,58.70658437902965,-0.0036335378851993783,-0.003267908788165852,-0.004645942410269832,184.87776529371075,0.0,83037.17,82710.31,83241.99,82710.31,1,2,0
2025-03-19 02:00:00,82598.7,82840.77,82547.16,82750.0,171.88963,14208556.5022669,82808.15709897032,82800.74491893128,82859.26999999999,82859.26999999999,82859.26999999999,83144.86382579693,82573.67617420305,0.6893467099020767,0.0,47.540531850381846,15.330030835175421,27.425966463905237,-12.095935628729816,578.0408500000001,-105.19101113441036,-72.32137983734546,0.0,0.0,0.0,0.0,0.0,0.0,52.901064913767904,0.0018317479572922402,-0.00110355423651598,-0.004427440506268199,121.68166706613368,0.0,83037.17,82710.31,83284.21,82710.31,2,2,0
2025-03-19 02:15:00,82750.0,82849.98,82641.5,82710.31,82.52826999999999,6829117.1157224,82790.36671733935,82792.13206950926,82844.374,82844.374,82844.374,83129.67299995618,82559.07500004381,0.6887589010116324,0.0,45.44773226176442,6.335126086894888,23.20779838850317,-16.872672301608283,495.51258000000007,-79.92303285792075,-77.73729599912737,0.0,0.0,0.0,0.0,0.0,0.0,55.03646632813429,-0.0004796374622356714,-0.0022872157174578245,-0.0019210925707174864,117.04014738538419,150.36577567163522,83037.17,82792.66,83284.21,82792.66,2,2,0
2025-03-19 02:30:00,82710.3,82877.36,82629.67,82825.46,94.41464,7815796.9109591,82796.74731418674,82795.30615812742,82852.811,82842.65454545454,82842.65454545454,83114.8937558244,82570.41533508468,0.6572440534736659,0.0,52.04367700354034,8.401395858629257,20.246517882528387,-11.84512202389913,589.92722,-49.94677654776493,-62.02445281371046,0.0,0.0,0.0,0.0,0.0,0.0,57.254771614917814,0.0013922085408699658,0.0027453216576049932,-0.00019265724802874917,114.45596279789225,146.2369171698189,83037.17,82792.66,83284.21,82792.66,2,2,0
2025-03-19 02:45:00,82825.47,82900.0,82743.19,82868.91,75.8965,6286005.7754217,82809.86780251641,82802.31604782958,82846.647,82844.8425,82844.8425,83105.89544432674,82583.78955567325,0.630221354640741,0.0,54.289574768762435,13.390622650054866,18.875338836033684,-5.484716185978819,665.8237200000001,-14.096301711923626,-56.095464221385086,0.0,0.0,0.0,0.0,0.0,0.0,58.886477825992934,0.0005245971468192945,0.0014369788519636995,-0.00037406549970131486,105.23604529814287,143.87610418921415,83037.17,82792.66,83284.21,82792.66,2,2,0
2025-03-19 03:00:00,82868.91,83040.5,82855.4,82934.26,202.73298,16817102.868492,82832.48456569524,82814.88213851248,82841.649,82851.72076923077,82851.72076923077,83107.01930994328,82596.42222851826,0.6162781855155406,0.0,57.51246929154535,22.360066744178766,19.5722844176627,2.7877823265160657,868.5567000000001,50.217034901034765,-47.17810163200792,0.0,0.0,0.0,0.0,0.0,0.0,62.69518314212226,0.0007885949024790673,0.002707643097940249,0.004062533671837398,89.97885679422893,139.362598318195,83037.17,82792.66,83284.21,82792.66,3,2,0
2025-03-19 03:15:00,82934.27,82973.36,82740.94,82792.66,89.47982999999999,7416374.2226363,82825.24373556883,82812.76574436843,82809.115,82847.50214285715,82847.50214285715,83095.38770979462,82599.61657591967,0.598414099462013,249.92071428571424,49.3870422814911,17.83686691202456,19.225200916535073,-1.3883340045105115,779.0768700000001,-19.24547208421972,-66.50019103760695,0.19246174662536783,0.0,0.0,0.0,0.0,0.0,60.23548733802325,-0.0017073764207938824,-0.0003960134963331141,0.0005155287009064313,83.75112984310648,100.13482003445355,83037.17,82820.32,83300.0,82820.32,3,2,0
2025-03-19 03:30:00,82792.67,82978.27,82792.66,82921.22,166.38222,13798770.8411071,82842.6939654654,82823.09472109526,82814.286,82852.41666666667,82852.41666666667,83094.70433279013,82610.12900054321,0.5848656584109992,245.3270918367347,55.530013374406806,24.34527881660324,20.24921649654871,4.096062320054532,945.4590900000001,22.415326310006293,-48.95748048687306,0.2904738836455663,0.0,0.0,0.0,0.0,0.0,62.940980463043104,0.0015527946559512618,0.0006312379395361223,0.0025499843973502134,60.63845990788971,104.82547519037628,83153.54,82820.32,83300.0,82820.32,3,2,0
2025-03-19 03:45:00,82921.22,83083.0,82847.82,83037.17,170.35629,14135751.0356346,82878.05324447168,82843.48284289571,82833.861,82863.96375,82863.96375,83115.03040269155,82612.89709730844,0.6059730703904671,244.60229956268174,60.21960879129734,38.416595507456805,23.882692298730326,14.533903208726478,1115.81538,81.40588770509225,-33.13547295453345,0.3652971673005455,0.2827442658571599,0.0,0.0,21.486021561855786,15.25844763174107,62.68859023114087,0.0013983151719185738,0.00124086234084686,0.002556098088679404,89.9168322952076,126.49314407859661,83241.99,82820.32,83300.0,82820.32,3,2,0
2025-03-19 04:00:00,83037.17,83078.46,82884.14,82914.53,95.06846,7888569.782771501,82884.68538184046,82850.24923881041,82835.322,82866.93823529412,82866.93823529412,83111.6682875111,82622.20818307713,0.590657884624845,241.0107067367764,53.761759257384014,39.22008755292336,26.950171349568933,12.269916203354427,1020.74692,57.04783102355499,-49.8703673380278,0.26226109179244567,0.3060107142461858,0.0,0.0,20.26768473924952,14.393237264524355,56.91232391758085,-0.0014769289463982815,0.0014719903914186538,0.0005505080252654615,86.86057258621621,127.4218672843167,83284.21,82820.32,83357.34,82820.32,4,2,0
2025-03-19 04:15:00,82914.52,82949.85,82819.63,82820.32,64.48574,5345110.9019676,82872.98258514219,82847.39883511419,82857.48400000001,82864.34833333333,82864.34833333333,83103.14016115273,82625.55650551393,0.5763439467569919,233.09708482700674,49.38090706612162,31.88732391272788,27.937601862200726,3.9497220505271535,956.2611800000001,-10.920479020916266,-55.8807377975896,0.5265955376926142,0.3847179322618685,0.3244909707884047,0.0,19.470897788797963,15.774938121010756,45.663397851198596,-0.0011362302843662686,-0.001216817601091713,-0.0013738592470710076,96.57643889688181,97.43974607702918,83284.21,82910.72,83406.03,82910.72,4,2,0
2025-03-19 04:30:00,82820.32,83002.18,82792.91,82971.7,70.77597,5868677.9780938,82890.93120602543,82859.23704129379,82879.65400000001,82869.99842105263,82869.99842105263,83107.3144442669,82632.68239783836,0.5727429171857698,231.3951501965055,55.63648271342225,37.85479030388524,29.921039550537632,7.933750753347606,1027.03715,32.210541801509784,-20.771125709167595,0.7998217506489929,0.5295594600446843,0.4067627021842462,0.0,19.82350309234593,14.770014703185602,50.699758622948124,0.0018278123049995099,-0.0007884420916560719,0.002162510541393381,79.88393123780585,95.46839642288255,83284.21,82910.72,83406.03,82910.72,4,2,0
2025-03-19 04:45:00,82971.7,83035.4,82924.52,82952.87,169.13809,14033323.6082439,82902.19280492989,82868.15446593247,82903.91,82874.142,82874.142,83108.25268507011,82640.0313149299,0.5649788448370385,222.78692518246868,54.73044063252704,40.59665382625826,32.05616240568176,8.540491420576501,857.8990600000001,66.25160474224455,-24.285234398328885,0.7602483427806159,0.6955552103740743,0.536610867560209,0.0,20.179045621629268,14.251965521806383,58.645512006524726,-0.000226944849870514,0.00046240387541240935,0.0003816875825028987,79.97223499444627,76.61417724910807,83284.21,82910.72,83413.01,82910.72,4,2,0
2025-03-19 05:00:00,82952.88,83018.87,82910.72,82910.72,156.8004,13012054.4969817,82903.74320403354,82872.20832631986,82912.43600000002,82882.6235,82882.6235,83109.00170692592,82656.24529307408,0.5462621653763596,214.59857338372052,52.663031181474594,38.91980440558109,33.428890805661624,5.490913599919466,701.0986600000001,42.0165912361252,-32.151388474171384,0.6699496257976255,0.7433399064090782,0.656151525609279,0.0,19.46201793975017,14.198953064231404,51.87230573901544,-0.0005081198516698748,0.0010915195691105772,-0.0015228120129816558,58.3676808688272,71.48631278474491,83284.21,83032.71,83439.92,83032.71,5,2,0
2025-03-19 05:15:00,82910.72,83105.7,82910.72,83032.71,162.57895,13497180.1639115,82927.19171239108,82887.49420000368,82928.816,82887.73150000001,82887.73150000001,83122.6538861853,82652.80911381471,0.5668447716784122,213.19724671345446,57.64923624278017,46.893898968803114,36.121892438289926,10.772006530513188,863.6776100000001,88.72233323761036,-13.067998710923394,0.8259955298584909,0.7520644994789109,0.7303198720873545,0.0,21.080013998031845,13.282592531480791,67.42511279452887,0.001471341703461304,0.0007353109554222304,0.0014253231610914519,78.92877694483238,78.79714788975232,83300.0,83141.3,83537.87,83141.3,5,2,0
2025-03-19 05:30:00,83032.71,83255.0,82982.9,83153.54,133.50457,11098409.5317116,82968.3459465018,82912.83189524143,82950.74399999999,82896.1965,82896.1965,83155.36817331905,82637.02482668096,0.6252920743330861,217.4045862339224,61.927046224372695,62.245865946038975,41.34668713983974,20.899178806199238,997.18218,165.47306689807436,-16.22503318248063,1.0,0.8319817185520387,0.7757953748133426,0.0,24.067542126934192,12.10820119122251,76.60408363918091,0.0014552096396707181,0.0024190844753171348,0.004023408747998003,94.26654586867507,106.21978359360097,83300.0,83141.3,83537.87,83141.3,5,2,0
2025-03-19 05:45:00,83153.54,83320.0,83142.67,83241.99,150.51,12529562.0128995,83018.09941077419,82944.18028617081,82995.677,82902.39600000001,82902.39600000001,83187.16167815663,82617.63032184339,0.6869902243998312,214.54211578864235,64.73513128593392,80.62024615959672,49.20139894379113,31.418847215805584,1147.69218,225.447915791834,-11.300392565873505,1.0,0.9419985099528304,0.8420149093279267,0.0,24.802993223893612,11.400741892352316,77.49593920479538,0.0010636949431137577,0.00399550263222892,0.0032576167536642053,138.16913667681274,125.24984737629718,83300.0,83141.3,83537.87,83141.3,5,2,0
2025-03-19 06:00:00,83242.0,83304.35,83162.67,83284.21,102.70685,8548251.6350514,83066.48315426978,82976.56406844026,83031.976,82923.13100000001,82923.13100000001,83252.23860987251,82594.0233901275,0.7937655173018069,209.337678946597,66.02332060779679,97.4653560572915,58.85419036649121,38.61116569080029,1250.39903,196.19810024301634,-6.1807066625209375,1.0,1.0,0.9246600761682897,0.0,23.615763297231354,10.855029451979847,77.60601757878,0.0005071959476221632,0.003028926792826514,0.003994316290684141,153.5266332921455,151.18751845899402,83357.34,83141.3,83537.87,83141.3,6,2,0
2025-03-19 06:15:00,83284.21,83322.81,83182.98,83184.24,78.51512,6536588.7370504,83087.89348985709,82996.3427285888,83046.68299999999,82940.272,82940.272,83285.868307596,82594.675692404,0.8333618862402636,204.37284473612593,60.39742116170928,101.57756060895917,67.39886441498481,34.17869619397436,1171.88391,155.32011608797467,-23.814597762385677,0.661954113085858,0.887318037695286,0.9431055158827055,0.0,23.111596345147504,10.329512120937057,73.300944313499,-0.0012003475808920472,0.0003691965489382998,0.0032989702658474673,96.32334384781359,158.7147620418842,83406.03,83141.3,83538.83,83141.3,6,2,0
2025-03-19 06:30:00,83184.24,83270.0,83136.19,83170.72,80.61962,6707664.6100668,83102.95285533761,83012.95008777082,83072.302,82953.812,82953.812,83312.97642026459,82594.64757973542,0.8659383133944076,199.3326415406882,59.6570524161121,102.56327573508315,74.43174667900448,28.131529056078676,1091.26429,116.01559262665286,-26.138140821832664,0.6174672516253383,0.7598071215703989,0.8823750530885617,0.0,22.013313133921645,11.500330371554986,66.60148366485254,-0.0001625307870818382,-0.0008561784743493783,0.0016621160504095567,54.49287522260538,155.6601752965304,83406.03,83141.3,83564.64,83141.3,6,2,0
2025-03-19 06:45:00,83170.71,83229.29,83117.81,83200.0,92.84457,7722394.3843798,83120.59779073077,83030.76436512599,83110.26999999999,82983.87700000001,82983.87700000001,83318.9654415255,82648.78855847451,0.8075989062923599,193.05745285921017,60.778384436783334,104.50247390245204,80.445892123694,24.056581778758044,1184.10886,97.4339949867474,-23.16514194095992,0.6848452204435775,0.6547555283849248,0.7672935625502033,23.53100842058667,21.11313154266807,11.70425897974734,66.45431889551645,0.00035204697037616306,-0.0010111160326790047,0.0005587254613574899,46.48330635859388,131.85302094889153,83413.01,83141.3,83564.64,83141.3,6,2,0
2025-03-19 07:00:00,83200.0,83200.0,83039.99,83141.3,164.15389,13649581.3365265,83124.36182877971,83041.29156844731,83127.23000000001,83003.44200000001,83003.44200000001,83327.12365951132,82679.7603404887,0.779923462719305,190.69692051212337,57.33759734158826,100.14825623981596,84.3863649469184,15.761891292897559,1019.95497,61.86622275978699,-34.25363276089767,0.47809713750603877,0.5934698698583182,0.669344173271214,23.11091195716037,19.85792979433685,13.899805065734036,56.71118715967155,-0.0007055288461538245,-0.0005162035500956286,-0.0012096058731897452,53.77365972318893,122.63395043794472,83439.92,83185.51,83687.76,83185.51,7,2,0
2025-03-19 07:15:00,83141.3,83300.0,83141.3,83300.0,94.68326,7881533.5129173,83156.29604172886,83065.93046669042,83161.943,83032.9265,83032.9265,83351.82543278433,82714.02756721567,0.7681264438736364,188.41142618982863,63.37451845951656,108.25537053559674,89.16016606465408,19.09520447094266,1114.63823,106.52603285641722,-4.304585770899778,0.8408402638447108,0.6679275405981091,0.6387176462804507,23.344148337862134,22.434602513702885,13.069865471230175,54.69487569729773,0.0019087986355756925,0.0015543931806769606,0.00018959176055100002,60.308764869008726,116.7856116566475,83537.87,83185.51,83770.86,83185.51,7,2,0
2025-03-19 07:30:00,83299.99,83364.16,83128.0,83185.51,170.13637,14167837.0714508,83161.60767050543,83077.31899367228,83189.42199999999,83050.929,83050.929,83361.48985470642,82740.36814529359,0.7478805076495134,191.8220386048411,57.0973803271124,104.24031341081718,92.1761955338867,12.064117876930482,944.5018600000001,85.5660381415118,-31.273522975931506,0.4636631124246214,0.5942001712584571,0.6185325272382948,23.919505106383678,22.84797390890141,11.92846887506157,52.25423502677782,-0.001374429771908825,-0.00017415865384617923,1.5267315058631326e-05,60.232359077371626,76.4790204785061,83537.87,83190.0,84002.59,83190.0,7,2,0
2025-03-19 07:45:00,83185.5,83255.17,83136.35,83190.0,102.2523,8506648.2132135,83166.76991223171,83088.05051808445,83205.151,83066.9835,83066.9835,83371.3829446956,82762.58405530441,0.7329011645056094,186.60760727592336,57.27610369287411,100.2648662228894,93.79392967168725,6.4709365512021435,1046.7541600000002,62.87221460668542,-30.487527352298205,0.3452823785621683,0.5499285849438337,0.6040187656001333,24.45376496286797,21.815682866935123,11.389530428563152,51.10428993188979,5.39757464972368e-05,0.0005857498018433382,0.0002318123493461055,58.521651719905485,53.34274280555336,83537.87,83357.34,84002.59,83357.34,7,2,1
2025-03-19 08:00:00,83190.0,83397.23,83178.74,83357.34,252.1039,20997278.8489823,83201.41901909867,83113.69713540975,83225.53099999999,83088.13750000001,83088.13750000001,83410.94909984578,82765.32590015425,0.777034146049465,188.88492104192818,63.39624283149378,109.35663989362365,96.90647171607453,12.450168177549116,1298.8580600000003,108.91128726659844,-8.19921481572832,0.8033667016878249,0.5374373975582049,0.5605220512534986,25.680342317152654,25.36367473118446,10.454186348807895,55.762014257013014,0.002011539848539412,0.0006883553421368482,0.0018911057692307942,90.06370134537656,68.27508597999353,83537.87,83401.84,84002.59,83401.84,8,2,0
2025-03-19 08:15:00,83357.34,83417.43,83290.16,83406.03,121.92064,10162118.3673007,83238.62101562618,83141.53836060883,83241.935,83118.806,83118.806,83440.04553544975,82797.56646455024,0.7729647498780401,184.48385525321828,64.96867424044035,119.11769744312915,101.34871686148546,17.76898058164369,1420.7787000000003,128.46169938882315,-2.249807582245143,0.9210611137451412,0.6899033979983783,0.5924231268334723,26.912366415897782,24.898643454757014,9.942010649220418,54.657855317630364,0.0005841117290930065,0.0026509424537999315,0.0031840974341270645,98.73077752167654,89.17614557104899,83538.83,83401.84,84002.59,83401.84,8,2,0
2025-03-19 08:30:00,83406.02,83480.01,83348.45,83401.84,162.08118,13520409.2310758,83268.29719460322,83166.3289929318,83253.698,83142.837,83142.837,83473.13760073208,82812.53639926792,0.7945377200253104,180.70357987798823,64.71105195051278,125.0735380025144,106.09368108969124,18.979856912823152,1258.6975200000004,136.7309655787541,-13.731138786909858,0.8529825860336823,0.859136800488883,0.6954925320151554,28.338899765505598,26.07105709606465,9.427821859482641,63.17047592622656,-5.023617596955354e-05,0.002546459911046961,0.0012225690276110868,111.55487273103253,102.18187279996866,83564.64,83413.01,84002.59,83413.01,8,2,0
2025-03-19 08:45:00,83401.84,83500.0,83383.32,83413.01,115.89261,9670313.9799181,83294.60861376626,83189.8224221764,83276.575,83161.629,83161.629,83508.11351162494,82815.14448837507,0.8332797608496447,176.13046702955998,65.10826710054539,129.20550951767655,110.7160467752883,18.48946274238824,1374.5901300000005,133.86309556712024,-16.822664861729695,0.8974837968352126,0.8905091655380121,0.8131831213417579,29.75188123835988,25.650290406080128,8.984032453081758,62.24117626741463,0.00013392989890870233,0.0006678476064614358,0.0027348512980205353,94.0538257065666,110.19807643520969,83564.64,83427.62,84002.59,83427.62,8,2,0
2025-03-19 09:00:00,83413.01,83500.0,83360.16,83439.92,82.70561000000001,6901273.5896612,83321.02886580875,83213.64123911198,83303.49500000001,83187.8985,83187.8985,83535.12863010245,82840.66836989754,0.8348092363517425,173.53829081316258,66.09830919149002,133.11704834557895,115.19624708934644,17.920801256232508,1457.2957400000005,125.90691250164451,-13.060585639443149,1.0,0.916822127622965,0.8888226978832868,30.765235181521263,24.181153542725102,9.418053093025126,61.16650279995375,0.00032261154464996444,0.0004063255378536912,0.0030042072364466765,29.818939787431322,114.2716006568867,83687.76,83427.62,84002.59,83427.62,9,2,0
2025-03-19 09:15:00,83439.92,83567.16,83439.91,83537.87,289.82535,24205898.944272,83360.4545265708,83244.52016872037,83337.282,83223.776,83223.776,83559.77183725989,82887.7801627401,0.8074515562953841,170.2319843265081,69.49163442915352,142.47831610709545,120.65266089289625,21.8256552141992,1747.1210900000005,156.05730207566717,-5.556082478139547,1.0,0.9658279322784042,0.9243864084797938,32.03065351655838,25.700939678060575,8.917528376052752,64.01540482232232,0.0011738985368154875,0.0016310191717592293,0.002165736094745796,56.82604182987257,129.24000084261164,83770.86,83427.62,84002.59,83427.62,9,2,0
2025-03-19 09:30:00,83537.87,83596.47,83427.62,83427.62,389.49573,32532097.0568015,83372.66643083065,83261.95824788985,83365.914,83246.572,83246.572,83572.78755067773,82920.35644932227,0.7837332945739421,170.13327116032934,61.97259053304925,139.39408639197063,124.40094599271113,14.993140399259502,1357.6253600000005,127.58991456791138,-30.34251006325601,0.3933443808558022,0.7977814602852674,0.8934771733955457,33.34067649615279,25.112108887866917,8.288098631316496,50.9691709912623,-0.001319760726482544,0.00017515253315991686,0.00025885418596227616,54.392922058397765,111.49533923502044,84002.59,83467.41,84002.59,83467.41,9,2,0
2025-03-19 09:45:00,83427.62,83532.53,83378.98,83527.37,89.13325,7438217.4976183,83400.79435249779,83287.23555761464,83388.651,83275.29699999999,83275.29699999999,83594.09695828728,82956.4970417127,0.7656531282915441,168.9487517917346,65.59932717639438,143.3463954596955,128.190035886108,15.15635957358748,1446.7586100000005,109.6039501292148,-12.417337550317411,0.6859587337233839,0.693101038193062,0.8189034769189113,33.896297006763845,23.488464805516386,9.80032590169324,50.718262795606805,0.0011956471969354343,0.001048059489989983,0.0015051226687563535,58.82779929636805,119.45923009322343,84002.59,83467.41,84092.16,83467.41,9,2,0
2025-03-19 10:00:00,83527.38,83663.05,83448.62,83480.78,155.17568,12967653.909922,83415.33719749819,83305.66836165133,83418.17799999999,83303.8,83303.8,83587.07566828089,83020.52433171912,0.6801026322469877,172.19741237803981,62.59647702730181,141.09277555024892,130.7705838189362,10.322191731312728,1291.5829300000005,121.39651864809626,-29.254004429750708,0.44368113279877036,0.5076614157926521,0.6661813047569939,35.04711671196184,26.801040946325973,8.931828666835521,55.862571965700795,-0.0005577812398498416,-0.0006834026292505957,0.0008124631876971211,49.7663497762806,98.28395277640428,84002.59,83467.41,84103.77,83467.41,10,2,0
2025-03-19 10:15:00,83480.78,83580.0,83480.77,83538.83,93.31184,7794910.478677,83437.7904343167,83327.87423197026,83453.061,83329.106,83329.106,83601.19677943947,83057.01522056053,0.6530509986257944,166.98545435103668,64.760952332642,142.34999327875266,133.0864657108995,9.263527567853174,1384.8947700000006,109.97275734450577,-19.93708471094303,0.6183165152526241,0.5826521272582594,0.5944715270813246,36.11573500964569,25.66745898120009,8.554046329477947,59.936036605251424,0.0006953696407725474,0.0013330117771548355,0.0011854038210967754,48.135733401052455,64.34377021574682,84002.59,83467.41,84103.77,83467.41,10,2,0
2025-03-19 10:30:00,83538.84,83800.0,83448.7,83564.64,488.84041,40911786.3190182,83460.85399171367,83350.42335273499,83473.791,83349.661,83349.661,83627.64288630913,83071.67911369086,0.6670258354359354,180.15077904024855,65.7110426007323,143.7716881568922,135.22351020009805,8.548177956794149,1873.7351800000006,130.83699856640416,-35.02380952380961,0.6949722187962386,0.5856566222825443,0.5586567217778187,37.92167465968878,30.799499100689737,7.3661897459325445,71.21970490722774,0.0003089581216304538,0.0004462010476327105,0.00032045346619447024,54.16533180972797,63.46575742537601,84002.59,83467.41,84198.12,83467.41,10,2,0
2025-03-19 10:45:00,83564.65,83636.16,83466.07,83467.41,122.61164,10244345.0902461,83462.04599322026,83361.56493818879,83479.92899999999,83360.932,83360.932,83638.81712717305,83083.04687282695,0.6667035036821631,179.43215196594483,59.232225477758874,135.49088855249283,135.27698587057702,0.21390268191581185,1751.1235400000005,80.81703255591006,-49.49255952380901,0.17224474607914517,0.4951778267093359,0.5544955254167132,39.598618620443084,28.719984710410962,6.868840827103938,66.87237112914164,-0.0011635304119061995,-0.00016015662527346652,0.0004769403705870978,40.67426618955195,58.99485372112294,84002.59,83645.15,84318.59,83645.15,10,2,1
2025-03-19 11:00:00,83467.41,83747.25,83381.97,83687.76,244.03281,20392202.3611425,83503.08490354384,83392.63113455176,83508.521,83381.10949999999,83381.10949999999,83690.5891813023,83071.62981869768,0.7423256494381696,192.70699825409153,67.13953179326779,145.03680466239166,137.22894962893997,7.807855033451688,1995.1563500000004,110.34171406994483,-16.912529194606527,0.8074498205059465,0.5582222617937768,0.5463522369285524,41.48038853764441,28.948551223140516,5.941117984576353,74.04664714851387,0.0026399525275793145,0.0017827637758391912,0.0019202089087684282,87.90199844179456,81.81574345251603,84002.59,83645.15,84318.59,83645.15,11,2,0
2025-03-19 11:15:00,83687.77,83888.37,83602.16,83770.86,346.35086,29012482.471360706,83551.77128471769,83428.65293126111,83544.306,83410.4405,83410.4405,83749.5068848555,83071.3741151445,0.8130070596030428,199.3857840930844,69.53906846419935,157.4920175158768,141.28156320632735,16.210454309549448,2341.5072100000007,163.41033662808437,-16.559333737299212,1.0,0.6598981888616972,0.5710994257882699,43.56519229603477,31.031310896449778,5.333298922288259,79.65174943887723,0.0009929767507219633,0.002467790204086384,0.0034748118069811706,121.75088685536458,109.10651291293935,84002.59,83645.15,84328.0,83645.15,11,2,1
2025-03-19 11:30:00,83770.86,84119.09,83733.72,84002.59,401.6369,33727968.8303374,83633.73832385991,83483.31360447433,83600.573,83452.034,83452.034,83860.29979432518,83043.76820567482,0.9784442026306593,212.67037094357804,75.01749196124605,183.94117838382954,149.81348624182777,34.12769214200176,2743.1441100000006,221.40874363683324,-14.054262724234976,1.0,0.9358166068353154,0.7179790191635965,45.91235241800161,34.75678585822605,4.6443198321503445,80.64912242710139,0.0027662363738416573,0.006411843856182875,0.005551430394703738,205.63500278425224,174.67624503323216,83939.54,83645.15,84704.0,83645.15,11,2,0
2025-03-19 11:45:00,84002.59,84025.74,83777.76,83881.4,201.44541,16898832.395213,83678.76771952174,83521.2265945244,83634.92599999999,83486.104,83486.104,83917.61843101705,83054.58956898296,1.0337395335085788,215.19248730475178,68.11761910820279,192.89968130449415,158.43072525436105,34.4689560501331,2541.698700000001,174.20120295631523,-30.843195266272513,0.5628915824600644,0.8542971941533549,0.8166706632834559,48.09185824554225,31.900926304905802,4.262710174242863,74.78887561638768,-0.0014426936121850753,0.002313838965220194,0.003790598511523413,202.80116698403924,193.71713824261613,84092.16,83645.15,84733.05,83645.15,11,2,0
2025-03-19 12:00:00,83881.4,83927.56,83690.16,83776.01,171.65993,14381365.385147,83696.44813415414,83545.49168076017,83669.76499999998,83517.8395,83517.8395,83936.4171802685,83099.2618197315,1.0023671176707092,216.7787382115548,62.715424603461486,189.31298494539806,164.60717719256846,24.7058077528296,2370.038770000001,120.82368576964046,-45.205750200941445,0.22066140786070065,0.594517663440255,0.7948771548096419,49.1130888277507,29.40957628623666,6.811547853147213,69.48330410878285,-0.001256416798002924,6.147722489657781e-05,0.00369725141824806,121.32292087688145,183.34191648095126,84103.77,83645.15,84733.05,83645.15,12,2,0
2025-03-19 12:15:00,83776.01,83851.38,83565.9,83645.15,218.20674,18257935.7355578,83687.12120067157,83554.98294925921,83681.54299999999,83535.097,83535.097,83944.69042319422,83125.50357680577,0.9806499014281935,221.6859711964445,56.702257138981906,173.90650791255757,166.4670433365663,7.4394645759912805,2151.832030000001,65.27020329548172,-62.44844715586506,0.0,0.2611843301069217,0.5699997292335106,48.80441730974991,26.708365804757328,10.183760051274767,63.808802350468525,-0.001562022349835046,-0.004255106896108862,-0.0005091545047926083,134.08611624660185,176.8460329747546,84103.77,83660.0,84733.05,83660.0,12,2,0
2025-03-19 12:30:00,83645.15,83808.44,83510.21,83660.0,264.78198,22148954.2229349,83682.19007327672,83564.98457313929,83699.465,83558.82149999999,83558.82149999999,83938.54943219744,83179.09356780254,0.9088877161759619,227.1534018252696,57.203720455634674,161.03868108725874,165.3813708867048,-4.342689799446049,2416.614010000001,45.25386808517768,-62.02996851819272,0.027379573427209602,0.08268032709597008,0.312794106881049,48.00375342552454,24.20703265611532,10.978854954633418,58.09050831427762,0.000177535696929354,-0.002639440924924852,-0.0013233718741815226,151.31077803677445,162.7598818471793,84198.12,83748.75,84733.05,83748.75,12,2,0
2025-03-19 12:45:00,83659.99,83780.01,83578.32,83748.75,276.40674,23120818.7956602,83694.2918781355,83582.48604236412,83720.457,83586.75899999999,83586.75899999999,83934.72450707784,83238.79349292214,0.8325852353668924,225.33458740917806,60.172535629584104,156.20162381857517,163.54542147307887,-7.343797654503703,2693.020750000001,56.27377535370661,-50.038507789382145,0.18947496574729686,0.07228484639150215,0.1387165011981314,47.260279818743854,22.661325383609118,10.277815046593282,57.935927495626686,0.001060841501314913,-0.0003253914814037584,-0.003021811589380752,95.83603429862349,152.98357922417944,84318.59,83911.9,84733.05,83911.9,12,2,0
2025-03-19 13:00:00,83748.75,83969.74,83685.71,83911.9,351.51084,29477625.568177696,83733.85699120177,83613.85880023421,83755.18299999999,83614.487,83614.487,83973.12518068346,83255.84881931652,0.8578374239944062,229.52711687995097,64.98175825568936,163.6466459149815,163.56566636145942,0.08097955352207009,3044.531590000001,115.33208630446792,-27.994487305941302,0.4520554170915037,0.22296998542200339,0.1259783863031586,47.301604733112676,26.558228141363045,9.370395467586228,68.82977742075339,0.0019480887774443456,0.0031890671485435007,0.00036360861883566464,107.20284497198467,153.09703299620193,84318.59,83931.99,84733.05,83931.99,13,2,0
2025-03-19 13:15:00,83911.91,84343.56,83812.52,83931.99,519.80434,43696297.9396433,83769.88117461963,83644.15700973572,83801.641,83640.785,83640.785,84011.35992125068,83270.21007874933,0.8861105769169384,251.06375138852542,65.53366396134106,169.21734247580753,164.69600158432905,4.521340891478474,3564.335930000001,167.26718656832884,-42.80098586715689,0.4821891124007664,0.37457316507985566,0.2232759989644538,48.30243964830236,33.174649932678385,7.956058149065642,74.63076613494403,0.00023941777030445088,0.0032511355486493088,0.0018618695256555906,136.06862081351431,123.74358420637394,84328.0,83939.54,84733.05,83939.54,13,2,0
2025-03-19 13:30:00,83931.99,83964.98,83623.43,83939.54,366.71294,30739529.7550809,83800.7282337797,83672.28872309421,83826.81899999999,83667.67,83667.67,84042.99189752256,83292.34810247744,0.8971730598511012,257.52705486077383,65.75211594373773,172.25572476732486,166.20794622092825,6.047778546396614,3931.048870000001,77.36822163802165,-42.01582795162237,0.4941164496430452,0.47612032637843843,0.3578878256267659,47.81038054973432,30.03465160269364,12.443086036451296,66.93214902745217,8.995378281850819e-05,0.002278123554082745,0.0035195106948819888,126.74217305261601,123.61239010631228,84704.0,83964.33,84733.05,83964.33,13,2,0
2025-03-19 13:45:00,83939.54,84324.02,83906.71,84092.16,572.2111199999999,48176689.2549962,83853.71582763793,83712.27646375191,83858.949,83701.6275,83701.6275,84100.77921105099,83302.47578894901,0.9537489842739043,268.94012237071837,69.90461848041015,184.84801032600808,169.93595904194424,14.912051284063836,4503.2599900000005,165.89295079275348,-26.144198670950725,0.720840407974423,0.5657153233394115,0.47213627159923527,48.19643793036153,36.236788416937365,11.065035722985481,70.43178457746362,0.0018182134426756313,0.002148205439276296,0.0051656705713603035,121.89987969687306,146.99632440233154,84733.05,83964.33,84733.05,83964.33,13,2,0
2025-03-19 14:00:00,84092.17,84389.71,84020.42,84103.77,751.78178,63314404.6401868,83899.18022261285,83749.5615624422,83869.067,83734.82,83734.82,84151.42613912895,83318.21386087107,0.9950606907113203,276.1079707728105,70.20061656055118,193.53338493379124,174.65544422031365,18.877940713477585,5255.041770000001,163.15914826845756,-28.37438228114403,0.7370017121025696,0.6506528565733459,0.5641628354303987,48.68249230519229,34.47555020972694,10.008686547870955,72.07387508634034,0.00013806281108719176,0.002046657061270718,0.004239108046388829,93.83344057489326,160.8146346332956,84733.05,83964.33,84733.05,83964.33,14,2,0
2025-03-19 14:15:00,84103.77,84335.81,83950.95,83964.33,226.49713,19056579.838985,83911.02563668323,83770.01569935247,83877.36000000002,83756.143,83756.143,84173.89783404015,83338.38816595984,0.997550314703855,283.87597286046696,62.27808256186899,187.00923814576527,177.126203005404,9.883035140361272,5028.544640000001,114.83135941481602,-42.211284656756945,0.30443646925613355,0.5874261964443753,0.6012647921190444,48.67252477826914,31.139127780269437,10.786966220419252,70.53494228737473,-0.001657951837355287,0.0002953316160656527,0.0006248219859161797,84.5764126108645,163.63486391630394,84733.05,84198.12,84733.05,83983.5,14,2,1
2025-03-19 14:30:00,83964.34,84236.65,83873.05,84198.12,304.67255,25606336.1074148,83963.22461183173,83810.78753750937,83919.571,83794.668,83794.668,84226.02128938575,83363.31471061426,1.029548298671577,289.57054622757585,68.66359306610379,198.41648225036624,181.38425885439645,17.032223395969794,5333.217190000001,108.83476777737943,-21.78396816373065,0.6530812213546716,0.5648398009044583,0.6009729513073933,48.15498237267068,28.347892851656546,11.740501390079872,70.9033993834461,0.0027843966598672942,0.0012600461208274183,0.003170781486296015,106.87575510905125,187.3157726319019,84733.05,84221.01,84733.05,83983.5,14,2,0
2025-03-19 14:45:00,84198.12,84350.01,84120.6,84318.59,368.68069,31075212.4364689,84027.83650058959,83859.1496767942,83986.91500000001,83834.22899999999,83834.22899999999,84303.71230921971,83364.74569078027,1.1200277376433494,285.2733643541768,71.35448445576694,214.70276771976205,188.04796062746956,26.654807092292486,5701.897880000001,146.15968655520484,-8.086412734509368,0.8000021544344966,0.5858399483484339,0.5793686485657559,47.966569027915355,29.55727736538077,11.066481571779049,71.0461085367273,0.0014307920414375896,0.002554225571576474,0.004515750265012164,131.93509173127495,198.42208710227288,84733.05,84221.01,85612.25,83983.5,14,2,0
2025-03-19 15:00:00,84318.59,84499.99,84221.0,84221.01,548.96903,46325848.3679827,84062.95895502783,83893.61256471857,84043.016,83871.24049999999,83871.24049999999,84340.14330696416,83402.3376930358,1.118149211025868,284.82455261459313,66.3821016552348,217.23176325595705,193.88472115316705,23.34704210279,5152.928850000001,142.98802248751687,-28.18606154903219,0.6606397994633921,0.7045743917508535,0.6184180470012487,48.143780916489725,31.249644587942623,10.292603998240976,71.88811394448521,-0.0011572774165222732,0.0030570124242044194,0.0015322474770536054,133.94768560950774,173.4601304303478,84733.05,84328.0,85688.89,83983.5,15,2,0
2025-03-19 15:15:00,84221.01,84339.38,84111.84,84328.0,159.67296,13448462.2213994,84111.14823593185,83934.98279665013,84100.941,83910.699,83910.699,84393.6777257798,83427.72027422019,1.151173167511813,280.73279885640846,68.93797922063041,225.27240918026655,200.16225875858697,25.110150421679577,5312.601810000001,111.47797114526976,-17.376588736891577,0.8350759114712702,0.7652392884563864,0.6852178761852246,47.596583832803084,29.441330252209312,12.473101664945844,72.46599161871353,0.0012703480996012484,0.0015425522565113425,0.0026661111624366463,146.84370177215786,160.50825416305537,84733.05,84454.62,85688.89,83983.5,15,2,1
2025-03-19 15:30:00,84328.0,84734.71,84287.19,84704.0,388.63277,32853790.7451991,84218.93946576242,84008.2225303025,84180.151,83967.66699999999,83967.66699999999,84535.29448918974,83400.03951081024,1.3520144347698702,292.64617036666533,75.87863749797825,258.999155597543,211.9296381263782,47.0695174711648,5701.234580000001,180.58468944352066,-2.507962433646909,1.0,0.8319052369782208,0.7672396390618204,47.96119228851035,35.871862390511836,11.111246271721877,76.82068324443603,0.004458780001897367,0.004570878142056367,0.008809336059729223,203.9698304411093,235.010050302884,84733.05,83983.5,85688.89,83983.5,15,2,0
2025-03-19 15:45:00,84703.35,84888.0,84558.75,84733.05,342.74614,29044261.6501157,84312.41410835108,84077.25371789275,84260.257,84030.949,84030.949,84641.92636006813,83419.97163993186,1.4541722242554622,295.2607296261892,76.31890408659892,284.7890662595455,226.50152375301167,58.28754250653384,6043.980720000001,193.20842691526508,-11.246271202432723,1.0,0.9450253038237567,0.8473899430861214,48.566507336208254,36.722638292731354,10.226569686470425,81.35356388787494,0.0003429590102002056,0.006079718113093158,0.00635322973957142,239.0737261812662,274.2689725252104,84658.88,83983.5,85688.89,83983.5,15,2,0
2025-03-19 16:00:00,84733.05,84826.29,84485.17,84506.52,348.51686,29512362.8712208,84347.70608865088,84118.13622095059,84316.955,84071.887,84071.887,84694.99812363993,83448.77587636007,1.482329339509009,298.53639179574674,66.1756687136704,283.6786080458987,237.93694061158908,45.74166743430965,5695.463860000002,142.149108722306,-29.127725856697662,0.37179462986169065,0.790598209953897,0.8558429169186249,48.690411706155,33.726517353035995,11.152065676165508,80.07112560359904,-0.0026734550449912797,0.002116971824305036,0.002228808617411815,225.4879274599915,258.7685930303855,84658.88,83983.5,85688.89,83983.5,16,2,0
2025-03-19 16:15:00,84506.51,84793.75,84451.39,84658.88,474.648,40163949.2404607,84404.28316344162,84169.6356284791,84373.62700000001,84116.288,84116.288,84772.92365442627,83459.65234557373,1.56125685057873,301.6666495246221,69.14588075234353,291.7298603509262,248.69552455945652,43.03433579146966,6170.111860000002,131.45050906836065,-18.118411792150223,0.4891307946887843,0.6203084748501583,0.7853106628759373,48.60128329075059,30.99341778552472,11.047912014208437,80.77498226262011,0.0018029378088222359,-0.0005326785039666548,0.005199058999648676,168.6269750076172,266.022852069839,84574.01,83983.5,85688.89,83983.5,16,2,0
2025-03-19 16:30:00,84658.88,84699.91,84428.72,84454.62,336.82594,28465154.1902911,84413.43531554313,84196.77699719538,84408.712,84138.8895,84138.8895,84809.28888309846,83468.49011690155,1.5935541509576365,299.4897459871492,61.365838517778826,278.41901973121276,254.64022359380778,23.77879613740498,5833.285920000002,91.83823346858364,-34.27093794728661,0.0,0.28697514151682496,0.5659606087736267,48.375721672813384,28.989413173614714,10.874078823651756,74.8199022403254,-0.0024127415812731368,-0.0032859669278989534,0.0015015178825537046,123.70086370039847,249.07404382372982,84587.34,83983.5,85688.89,83983.5,16,2,0
2025-03-19 16:45:00,84454.61,84649.99,84454.61,84574.01,262.35213,22187693.928624302,84442.6307127171,84232.70394984343,84469.68000000001,84173.51999999999,84173.51999999999,84858.53390359595,83488.50609640403,1.627623280090837,292.053335559496,63.92111587504008,274.3414207302267,258.58046302109153,15.760957709135141,6095.638050000002,88.6700454839002,-24.829784037261955,0.17088652126220052,0.22000577198366159,0.375763129450215,48.16627159901456,27.60456770571078,10.354616125791061,73.64292286889415,0.0014136586015069952,0.0007986366022407765,-0.00153463826973943,112.53335785543467,197.48924313894742,85612.25,83983.5,85688.89,83983.5,16,2,0
2025-03-19 17:00:00,84574.01,84705.56,84501.18,84532.99,138.64036,11731489.4540473,84459.05967404127,84261.30262128692,84503.16699999999,84211.36899999999,84211.36899999999,84887.94475856348,83534.7932414365,1.6068513470277053,285.7909544481038,62.39417236158708,264.74807198892813,259.81398481465885,4.93408717426928,5956.997690000002,83.95380784356905,-34.978077737819184,0.06877077072092304,0.07988576399437453,0.19562222583162045,48.11642042931702,27.58337393619503,9.82583686626791,79.48035448769599,-0.00048501897923469706,-0.0014870265233841717,-0.0023610621829380785,76.81619835823346,173.22674325555977,85688.89,83983.5,85688.89,83983.5,17,2,0
2025-03-19 17:15:00,84532.99,84666.31,84467.39,84467.39,133.52168,11293065.0769428,84460.57427876104,84280.92999068816,84518.04699999999,84252.481,84252.481,84884.92272078994,83620.03927921006,1.5013011208297562,279.58588627323905,59.92866614565728,248.98179508917383,257.6475468695619,-8.665751780388064,5823.476010000002,66.9922703397493,-41.44145031774982,0.0,0.07988576399437453,0.12659243332413694,47.82018886677994,26.181957330720874,10.18965719639443,74.81522837529242,-0.0007760283884434838,0.00015120546395208656,-0.00046304119492801554,83.47290081343768,161.61157893416586,85688.89,83983.5,85688.89,83983.5,17,2,0
2025-03-19 17:30:00,84467.4,84493.06,83963.57,83983.5,790.27678,66559193.0352569,84373.83350080448,84252.60332490833,84494.296,84268.656,84268.656,84854.4882424515,83682.82375754851,1.3903918022651074,297.4361801108642,45.61132801107887,195.1909878875158,245.1562350731527,-49.96524718563688,5033.199230000002,-35.4535903460126,-89.11769052662719,0.0,0.02292359024030768,0.060898372743018986,44.70796281977439,22.85354284798525,20.990594824197437,58.683946008062335,-0.005728719686970307,-0.006982168635494501,-0.007977662827573506,239.23394757053782,217.8004024688515,85688.89,84230.97,85688.89,84230.97,17,2,1
2025-03-19 17:45:00,83983.5,84250.07,83753.39,84230.97,563.1337,47312055.7489317,84347.85831884002,84250.54300825039,84484.593,84292.767,84292.767,84828.58194208704,83756.95205791297,1.2713189070825786,311.6678815315173,51.93561609548089,170.56399093022628,230.23778624456742,-59.673795314341135,5596.332930000002,-62.690428555520555,-57.90800363120354,0.20595204482595797,0.06865068160865266,0.05715334528111169,42.03221738363931,20.252659113819004,23.41767849830043,54.87026260494488,0.0029466502348676205,-0.003572806309110832,-0.0026481677378927815,247.80768918694633,227.95659392143062,85688.89,84267.98,85688.89,84267.98,17,2,1
2025-03-19 18:00:00,84230.97,84960.0,83578.32,84516.12,1749.6797,147458846.9487889,84378.4513517782,84275.8360550837,84465.805,84322.978,84322.978,84837.18828020034,83808.76771979967,1.2196207780999753,388.0973185649799,57.99635616064032,172.07259455705935,218.6047479070658,-46.53215335000647,7346.012630000002,8.219527791376557,-32.12610734757736,0.4033215815895915,0.20309120880518317,0.09822182688471458,40.70544304949393,28.167411762270316,17.46357848538126,64.7437242481407,0.0033853343966001592,0.0005769090296265933,-0.0006844892420260207,236.26233794274512,215.25243812023183,85688.89,84267.98,85867.92,84267.98,18,2,0
2025-03-19 18:15:00,84516.12,84841.32,84175.0,84267.98,570.80391,48244717.7977736,84358.3656514549,84275.08785936143,84419.298,84339.7775,84339.7775,84822.80332978004,83856.75167021995,1.145428276189243,407.9703672389104,51.86716868827758,151.49896384240128,205.1835910941329,-53.68462725173163,6775.208720000002,26.795361445120154,-50.08540327717037,0.203723037657337,0.2709988880242955,0.1809135928127105,39.47343831064465,24.88181404966505,15.42653319312163,65.79452040519874,-0.002936007947359598,0.0033873320354593783,-0.003134989073496741,212.40185585385515,200.85603997787243,85688.89,84587.34,85867.92,84587.34,18,2,1
2025-03-19 18:30:00,84267.97,84723.25,84253.59,84587.34,433.02816,36599943.595379,84399.99735119035,84304.82615846988,84427.38,84372.16750000001,84372.16750000001,84829.70102973821,83914.63397026181,1.0845603314344083,412.37676957898844,58.016763942953595,159.12954987687408,195.97278285068117,-36.84323297380709,7208.236880000002,49.92318944680405,-26.97151294076815,0.40398616619448147,0.33701026181380334,0.2703667862144274,38.32943391028461,22.8579123458005,14.17172971488801,65.20805864677007,0.003789814351785825,0.004230866627797258,0.0014200746583976631,241.74299146028392,206.30764201937035,85688.89,85007.04,86351.91,85007.04,18,2,1
2025-03-19 18:45:00,84588.47,85870.01,84434.73,85612.25,1612.96214,137500229.9246284,84620.40692370119,84429.34271480607,84522.717,84448.17199999999,84448.17199999999,85139.62718734308,83756.7168126569,1.6375847362168838,485.44128603763204,70.87663412782216,245.05368936398008,205.78896415334097,39.264725210639114,8821.199020000002,264.48921414785315,-11.247594569946028,0.8227710990475957,0.4768267676331381,0.3616119724904124,39.2688871808215,34.90298688127007,11.179105566943631,73.4287151081782,0.012116588605339818,0.012969478485287844,0.019393690427286225,563.2607812285864,427.2000337612278,85688.89,85007.04,86351.91,85007.04,18,2,0
2025-03-19 19:00:00,85612.24,85950.0,85306.29,85688.89,1071.52719,91750793.4674355,84814.67657393734,84549.29959911025,84646.144,84527.42799999999,84527.42799999999,85385.99535643957,83668.8606435604,2.0314526935318176,496.7461941778016,71.57772444373965,315.69426942522114,227.77002520771703,87.92424421750411,9892.726210000003,293.1764248860022,-11.009495378803269,0.8456022829285144,0.6907865160568639,0.5015411818346018,40.23399960193832,32.82271862930152,10.144449289999116,75.52133827424345,0.0008951989931347271,0.016861802074761956,0.017308598013296095,664.879713504855,562.2849061187115,85686.82,85007.04,86351.91,85007.04,19,2,0
2025-03-19 19:15:00,85688.9,85728.02,84926.73,85007.04,600.70066,51242092.4176373,84849.65174231236,84592.89392300452,84689.447,84579.5635,84579.5635,85421.49884590885,83737.62815409116,1.9908718160004342,518.499323165102,58.16261152757418,313.04920514927653,244.82586119602894,68.22334395324759,9292.025550000002,158.27968286187505,-39.75915806516938,0.48336639814634363,0.7172465933741513,0.6282866256880512,39.81709906440658,29.199840915510457,14.253146474142204,69.57813952283068,-0.007957274274412951,0.004961735408631984,0.005808596040613345,622.548022686055,572.6905264344927,85686.82,85353.99,86797.55,85353.99,19,2,1
2025-03-19 19:30:00,85007.05,85476.41,84989.13,85462.15,416.9687,35542362.7556618,84961.01506189191,84675.68021605171,84782.363,84642.76499999998,84642.76499999998,85548.06570448421,83737.46429551576,2.1391094784869646,516.2693715104518,63.129734648277015,343.714420259028,264.60357300862876,79.11084725039922,9708.994250000002,147.69554702517885,-20.569807056601533,0.6746568274357594,0.6678751695035391,0.6919694263115183,39.429977136698525,27.231398908092746,13.292302463424457,73.61546159592078,0.005353791874178837,-0.0017532537691744565,0.014171100339654519,464.94257401356583,618.063935420775,85686.82,85353.99,86880.01,85353.99,19,2,0
2025-03-19 19:45:00,85462.15,85471.34,85150.0,85433.38,361.85213,30875093.4891657,85046.89959609337,84747.84210023726,84878.962,84698.50450000001,84698.50450000001,85653.040160737,83743.96883926302,2.2539610737447915,502.3458449739907,62.623576316416326,361.527857507288,283.9884299083606,77.53942759892738,9347.142120000002,128.696817401064,-21.782871213654325,0.655164005889523,0.6043957438238753,0.6631725022338553,39.07050677525533,25.98724730161489,12.685002062902456,73.29595457110852,-0.00033664025536439546,-0.002981833467559203,0.010001969561875379,264.38719252337245,638.5163993334991,85686.82,85353.99,86880.01,85353.99,19,2,0
