SNo,Name,Symbol,Date,High,Low,Open,Close,Volume,Marketcap
0.0,,,,0.01494994713087821,0.008845171058333857,0.013567805283277647,0.008583718542693443,0.1001629898080309,0.0
0.002403846153846154,,,,0.012126775201016848,0.008756859303605022,0.008433921317685163,0.012052323342223694,0.0882818267572031,0.0
0.004807692307692308,,,,0.01013879047067031,0.009150054691957572,0.011698647663187001,0.008616963782987243,0.04070287600445595,0.0
0.007211538461538462,,,,0.007232283693807524,0.004186412890493714,0.008197816535710147,0.0048129996394292995,0.03731004424118394,0.0
0.009615384615384616,,,,0.004436427702386468,0.003960439134939698,0.004832942381781613,0.004311722024874981,0.028797458480733465,0.0
0.01201923076923077,,,,0.0065515620050930895,0.004082173925040684,0.0036422010830801377,0.005761180226514773,0.04796930601657238,0.0
0.014423076923076926,,,,0.004884034273779245,0.005294789517503423,0.005453675768403155,0.004773719876892662,0.021369416906308867,0.0
0.01682692307692308,,,,0.004823063807874773,0.005250504090585178,0.004567541176826399,0.005442192867382779,0.02116381218669506,0.0
0.019230769230769232,,,,0.0038155256748035812,0.0031759462547360506,0.005211977849629221,0.0030094003053267003,0.0200223187476292,0.0
0.021634615384615384,,,,0.0024288042435691194,0.0005237171283876095,0.003086323019694654,0.0007725419708946059,0.017827020766566736,0.0
0.024038461538461543,,,,0.0013696076031353144,0.00011422520769259134,0.0008678969200224193,0.002375661302076181,0.021000149061742798,0.0
0.026442307692307696,,,,0.004497536226714168,0.0021932664045797162,0.0021010794262251477,0.005786944609878719,0.04213336392009219,0.0
0.028846153846153848,,,,0.004226023940778069,0.0032384091370055643,0.005330749782416631,0.0036817998063396577,0.029747840314479693,0.0
0.03125000000000001,,,,0.0033993555262117822,0.0037020442607606265,0.0034296103673317688,0.00390447927975451,0.019499649443215875,0.0
0.03365384615384616,,,,0.0033971639454046937,0.003960982175282908,0.003631327394094677,0.00420270981965187,0.015437801764811326,0.0
0.03605769230769231,,,,0.0040250591729371135,0.004288579772737056,0.004334636073146599,0.003945966759302741,0.01777635778937514,0.0
0.038461538461538464,,,,0.0030712980566192614,0.0019007293900182923,0.0037920884403698507,0.0018739459461230602,0.015658082582162967,0.0
0.040865384615384616,,,,0.004044861057907398,0.002154557452786504,0.0020107636942975522,0.0047922477595468554,0.01580473755154068,0.0
0.043269230769230775,,,,0.006660912671572639,0.005109112652956393,0.004615829707406413,0.00756704031004304,0.018889901834935604,0.0
0.04567307692307693,,,,0.00736500906696937,0.006219132432392704,0.007248051942743264,0.005768713723964876,0.010117896237279916,0.0
0.04807692307692308,,,,0.00541741104748384,0.006151802277227007,0.005507398686140121,0.007007590119627729,0.008141499850123034,0.0
0.05048076923076924,,,,0.005781280677115492,0.006900767363421864,0.006630306121365111,0.006583646476087647,0.00646575924612301,0.0
0.05288461538461539,,,,0.005195268145372068,0.005154794586002237,0.006243671965597889,0.005390937072574178,0.006203793919098747,0.0
0.05528846153846154,,,,0.00446236469389184,0.0038549803681967205,0.005153364718430545,0.004995669412925154,0.006471188257563622,0.0
0.057692307692307696,,,,0.0038635816670441747,0.004129540725163389,0.004961635187172044,0.004153745623575865,0.005089113708292311,0.0
0.06009615384615385,,,,0.003487066916008124,0.003996256804349865,0.004001043935776029,0.0035218528780498783,0.004695265921848706,0.0
0.0625,,,,0.0022153635281483043,0.002321090300629946,0.0033850448197016575,0.003206603599925341,0.006267508704876508,0.0
0.06490384615384616,,,,0.0023482868341770727,0.0028819815538040916,0.0030872646854597056,0.0029422176647268747,0.004256304587147639,0.0
0.0673076923076923,,,,0.0020064268575346184,0.0028341872699461194,0.0028102296475910234,0.0029292629553915317,0.0034225287478667436,0.0
0.06971153846153846,,,,0.0016053883264129341,0.0002685018415067575,0.002823225991143659,0.0007141823161259352,0.003883997289461397,0.0
0.07211538461538461,,,,0.0003697378707880096,0.0,0.0007088113218780209,0.0,0.003352937055448279,0.0
0.07451923076923077,,,,0.0,1.9593903313984418e-06,0.0,0.0007647809161153846,0.003585073805846992,0.0
0.07692307692307693,,,,0.0001562981442411321,0.0004372654466445816,0.0007744259349460429,0.001157167259726144,0.0038813657093548495,0.0
0.07932692307692307,,,,0.0006473269393121421,0.0015290579878865264,0.001151395293036362,0.001767142983576754,0.003235681823739984,0.0
0.08173076923076923,,,,0.00045404686102572256,0.0014263671280536454,0.0017299181774449446,0.0014597721461012715,0.0027771147497706672,0.0
0.08413461538461538,,,,0.0014291300679621054,0.0016737762862434995,0.0014133260714368143,0.0027518057800105314,0.00382101263131978,0.0
0.08653846153846154,,,,0.0024575898600982804,0.002858946271895115,0.0025370149954267486,0.003206959685235815,0.00529532344668798,0.0
0.0889423076923077,,,,0.0035024247820044097,0.003555931176447466,0.003078102640780525,0.004509269453811072,0.006171376115565133,0.0
0.09134615384615384,,,,0.0028940220781488724,0.0036103675344686184,0.004265173920716927,0.003583246609732825,0.004006116234644886,0.0
0.09375,,,,0.0020439025019988837,0.002386010699704566,0.003381681451703457,0.0020965837837809177,0.003826847691393534,0.0
0.09615384615384616,,,,0.0016507942312294528,0.0012987917653164947,0.00205536748231017,0.00307327131061259,0.0051251531627244,0.0
0.0985576923076923,,,,0.0035647060406050653,0.0026429322695750296,0.002847343947479302,0.004056525615236568,0.0063963659246874015,0.0
0.10096153846153846,,,,0.00241643517289478,0.0028273613479616044,0.0038448146312179965,0.0032083578911208596,0.004604772120958798,0.0
0.10336538461538462,,,,0.0016355038162366928,0.0014719410606840386,0.0030969030693383977,0.001108641736851091,0.004948518007023493,0.0
0.10576923076923077,,,,0.0027613500691657765,0.001118980220180272,0.001090589086337225,0.0028088127644558293,0.008941934225626981,0.0
0.10817307692307693,,,,0.0016069122833721299,0.0020857743292241986,0.0026571752833575123,0.0019046241742477349,0.004723393688223074,0.0
0.11057692307692307,,,,0.0015682258335079219,0.0022553133295900515,0.0018574328188650027,0.0024848005398419026,0.004369241217404052,0.0
0.11298076923076923,,,,0.0009972182450827469,0.0021022700393050313,0.00240232838203059,0.001965300375051559,0.004661016812196416,0.0
0.11538461538461539,,,,0.001028000944060404,0.0020992280043406683,0.0019005892763575595,0.002105108270508131,0.0032796331743711995,0.0
0.11778846153846154,,,,0.0013055451312857132,0.002105753460005813,0.0021069378896291235,0.002384642016392848,0.004165670293150521,0.0
0.1201923076923077,,,,0.0010460972279741111,0.0021804619641610755,0.002309919184595912,0.0017968249758846047,0.0028765503709505596,0.0
0.12259615384615384,,,,0.0008579341295446262,0.002115892579253705,0.0018625695938672658,0.0020420871910025694,0.003495255494060455,0.0
0.12500000000000003,,,,0.0009155497547810101,0.0016034302061571117,0.0019763359839387352,0.001621157464572042,0.0014922014893176158,0.0011530905675413467
0.12740384615384617,,,,0.000955284079209133,0.002017621595206201,0.0015896740618504823,0.0023415774654782714,0.000522544057963373,0.0011979116206944712
0.12980769230769232,,,,0.0009740701475420555,0.0020195389288275335,0.002277818631749074,0.0023638574806717286,0.0005786289113644152,0.001199293434326938
0.1322115384615385,,,,0.004232204668480087,0.0024759686193216723,0.002291218286825023,0.004787722886916663,0.008507330127416474,0.0013501038693202179
0.13461538461538464,,,,0.003112121244322731,0.0036284937711970715,0.004578190607366115,0.0035172285366887428,0.0022068443011698984,0.0012710475294563943
0.13701923076923078,,,,0.001976320823791105,0.0030027025671327187,0.0033806767304248413,0.003324749270167175,0.000150127955525835,0.0012590666506421034
0.13942307692307693,,,,0.003643209755652011,0.0036805659522907257,0.0031523659160627993,0.005022656469382082,0.0018271017968265343,0.001364707459780581
0.1418269230769231,,,,0.0033097794265331028,0.0041548515005680395,0.004786289205830227,0.004684272101348294,0.0007795699559631081,0.0013436482704601484
0.14423076923076925,,,,0.0033695078154500867,0.004364620028591955,0.004484160440331161,0.004253164633268466,0.0010296293261307385,0.0013168195496280298
0.1466346153846154,,,,0.0027734791248359286,0.0022089838892007663,0.004076506172333967,0.001918898398395763,0.0010899394712005576,0.0011715774404759854
0.14903846153846156,,,,0.0013716609302558344,0.0022034658329418456,0.0018807495316477685,0.0025794624438266536,0.000668294856711044,0.0012126734890281698
0.1514423076923077,,,,0.0015789915883637831,0.0027333405858965126,0.0024973144299759616,0.0030741890184027496,0.00026132629124914534,0.001243450131872544
0.15384615384615385,,,,0.0017873382970217955,0.0025772204316186764,0.0030236723307916387,0.002356541806578953,0.0005132013988136015,0.0011987958571460227
0.15625000000000003,,,,0.0009819341896071115,0.0014329663270551234,0.002324496086026067,0.0018170782199883884,0.0006737258830475023,0.0011652256140994074
0.15865384615384617,,,,0.0009187177024005747,0.00216154905658825,0.0017728644000227535,0.0023073024631971445,0.0,0.0011957209173026324
0.16105769230769232,,,,0.0009279002427769294,0.0020399394626933846,0.0022353315628460962,0.00217555669372849,4.9267581727575806e-05,0.0011875181349273306
0.1634615384615385,,,,0.0027665630031578486,0.002522268029051797,0.002113984991064948,0.0034684395791480284,0.0016164102715336545,0.0012679524572163114
0.16586538461538464,,,,0.008452141067326998,0.003921370537415793,0.0033795576233006074,0.005548376172900053,0.013735363426593913,0.0013973546110828653
0.16826923076923078,,,,0.003935969476929906,0.004099818513230283,0.005243191680187689,0.004211308081171136,0.002462639057609505,0.0013141592478530014
0.17067307692307693,,,,0.0057678614075377145,0.004482955536127205,0.004115135944267444,0.00518137445060193,0.003677151246309511,0.001374507226826937
0.1730769230769231,,,,0.0056020055643275085,0.004789237419709515,0.00493487921048236,0.006943720140138117,0.0022447040027254,0.0014841476048026876
0.17548076923076925,,,,0.006137280398838114,0.006655948004443909,0.0066149635107579305,0.006334888350621869,0.001565411291964028,0.0014462609584520137
0.1778846153846154,,,,0.00736119372684332,0.006410471167358139,0.006049421743549811,0.007276704356879406,0.004907343920952313,0.0015048499180043045
0.18028846153846156,,,,0.006017266352810639,0.006605851814918719,0.006935111810113387,0.006495598408201166,0.0025488139283226614,0.0014562457041673805
0.1826923076923077,,,,0.0058732796022230895,0.006003010414882687,0.006173471683068924,0.007412919029313233,0.0023473334227285046,0.0015133101098309106
0.18509615384615385,,,,0.005879984627547515,0.005809181642238488,0.007012519882370286,0.006507231097635832,0.0023861968109177337,0.0014569549652194732
0.18750000000000003,,,,0.00868367124457406,0.006192388390868959,0.006204992044577164,0.009295129592514065,0.006399061572532159,0.0016303961145014726
0.18990384615384617,,,,0.009947420305317239,0.009014983839757993,0.008838402636336902,0.011066018775250569,0.00346723938271698,0.0017405627742477067
0.19230769230769232,,,,0.01434205507353467,0.011741633322010458,0.010528774898026824,0.011316748798137502,0.007500046452492426,0.0017561527896507692
0.1947115384615385,,,,0.010447749951559334,0.010748360895133764,0.010849367597525264,0.010415783189416692,0.002597442946505598,0.0017000911195142472
0.19711538461538464,,,,0.008474388382872223,0.008458693244248004,0.009880662641891923,0.0086953180410588,0.002544178444743612,0.0015930463285443641
0.19951923076923078,,,,0.006913392220919291,0.00850789502620717,0.008328148081329825,0.00829735358651642,0.0011426447348832454,0.001568278250853793
0.20192307692307696,,,,0.008047519093401883,0.008723652931464241,0.007891202179285774,0.008700328354549258,0.0023001363528125335,0.0015933383503663745
0.2043269230769231,,,,0.006898496222354812,0.004678873691567578,0.008268177252729755,0.005789000637626159,0.007294826632425048,0.0014122076848901981
0.20673076923076925,,,,0.004927778602135759,0.006174872989832936,0.00552656142589119,0.0063221300678186175,0.0010865831307546015,0.001445365320285712
0.20913461538461542,,,,0.006756279582014493,0.006697126946072166,0.0060285933962952905,0.0078035872776407895,0.0024293414257282537,0.0015375193153939178
0.21153846153846156,,,,0.008180966345053536,0.008109549310736267,0.00742951227061479,0.009236650118727208,0.0036351382347646786,0.0016266611578485955
0.2139423076923077,,,,0.00985632734705635,0.008671055543741896,0.008699603975791462,0.011098798801997871,0.004674775783658653,0.0017424955604539664
0.21634615384615385,,,,0.011606141967826136,0.011494686035835082,0.010537494664457397,0.013071446318106094,0.002791079525241503,0.0018652023775234674
0.21875000000000003,,,,0.011200334952813033,0.012047712547715809,0.012405459500596176,0.013434579145920549,0.002635120698106466,0.0018877797572495437
0.22115384615384617,,,,0.017452394943930957,0.013920808634452164,0.012724655713446047,0.016456953628197987,0.009367965056274175,0.0020757874083752897
0.22355769230769232,,,,0.022239549594617852,0.017146929093882494,0.015603363163607917,0.021675798659275273,0.00790458963863563,0.002400432958042603
0.2259615384615385,,,,0.020966816532656238,0.020901206991168094,0.02043199767892039,0.02076803459124363,0.003618709030025785,0.0023439466102576577
0.22836538461538464,,,,0.025575071687440804,0.021660063409068498,0.0196584615432529,0.025412721572070977,0.0062661157813912695,0.0026328689640959207
0.23076923076923078,,,,0.024906953070471187,0.011909798428145272,0.0238905196303144,0.01172198021838397,0.015842675774719494,0.0017811820701655703
0.23317307692307696,,,,0.014881789142680645,0.010100119034724023,0.011078682678635914,0.015180991754809022,0.01929006281311423,0.001996346410521081
0.2355769230769231,,,,0.013472519155497173,0.014520270608412853,0.014388125938102802,0.014811647317610501,0.005264212557966163,0.0019733578398418226
0.23798076923076925,,,,0.012544870046491425,0.013423730146289548,0.014093268617333798,0.013294285099101289,0.00360372498261709,0.001878955164078617
0.24038461538461542,,,,0.011054799247342324,0.01180202499106238,0.01262108702580024,0.011743248741075695,0.0055281519481217975,0.0017824592498562625
0.24278846153846156,,,,0.013702808368553091,0.012089275869457905,0.011145857523143461,0.015158947151230787,0.008454967442748363,0.001994923948428893
0.2451923076923077,,,,0.016649627551808113,0.015907793742332667,0.014378283511792423,0.01735525704322099,0.010762563913946446,0.002131533239068613
0.24759615384615385,,,,0.016543125502408614,0.01675577157305629,0.01651598980984204,0.017544174956571953,0.005374124071860082,0.0021432705293741813
0.25,,,,0.015099074750911032,0.01598591995844519,0.016630337483866355,0.015755592813903294,0.0031055628116614005,0.0020319980696007498
0.2524038461538462,,,,0.026672095684787483,0.016687795803484635,0.01494381158345533,0.024186096765306694,0.0216185341119313,0.0025563949957160136
0.25480769230769235,,,,0.03253542021379065,0.024956260799189726,0.022671864950592497,0.034454786217250497,0.022742430564999368,0.0031951269411850808
0.2572115384615385,,,,0.04530931302604343,0.03594532873252122,0.032603501228690754,0.04146252806211219,0.07460883808980201,0.0036310072533742286
0.25961538461538464,,,,0.039685527975565786,0.037670664038684853,0.03939301320889736,0.041640793016095246,0.020956395620877317,0.003642068567700392
0.2620192307692308,,,,0.04692503148830247,0.03703739934445846,0.039441108660636784,0.03751287040350808,0.022477746320244647,0.0033852766424545986
0.2644230769230769,,,,0.03778443440356324,0.03848575532867286,0.035492492684349314,0.038448795347771444,0.010595615084901186,0.0034434693600457434
0.26682692307692313,,,,0.03448591896104271,0.034219983352478237,0.03637655452011673,0.03357089878084732,0.009666239123285712,0.003140033376514345
0.2692307692307693,,,,0.03368362440715116,0.03382737374117943,0.03160097665062253,0.033191246013794126,0.009128076326386906,0.0031163962374729697
0.2716346153846154,,,,0.03626821032394345,0.030869102806411208,0.03151265207244906,0.04028677595866506,0.015216827977769149,0.0035577192964806395
0.27403846153846156,,,,0.03881056044151798,0.039609635865687165,0.03778655173643221,0.04224938370915643,0.012016697142485603,0.0036797686489090783
0.2764423076923077,,,,0.04247204647111024,0.043907794382848794,0.03988596862789702,0.044514821928326634,0.011227706481904364,0.003820652352457415
0.27884615384615385,,,,0.04058531138098737,0.04099799792464935,0.04207844379999748,0.04067205560558994,0.011019314346978521,0.003581608763727208
0.28125,,,,0.050969644464150206,0.04226691629348517,0.03847661559548721,0.055499712156455425,0.024319680773847656,0.0045038455513977714
0.2836538461538462,,,,0.050210790098408696,0.04699165142630839,0.05238395171899661,0.051546783340958816,0.017190688311904997,0.004257947057253364
0.28605769230769235,,,,0.0614060952569813,0.0517904881949504,0.04868632105590899,0.0642715085522962,0.02379968235081439,0.0050493669286756065
0.2884615384615385,,,,0.06559895736000415,0.06118498006087149,0.060704192313736124,0.07055975032524392,0.026554908715652893,0.00544044263073731
0.29086538461538464,,,,0.0867142250045008,0.06878997602865237,0.0667081211480077,0.08587205711741347,0.051486263433205864,0.006392784681667292
0.2932692307692308,,,,0.0894213849056533,0.07654270129191175,0.0811486358316754,0.09150468150342277,0.0827631995416486,0.006743080188555536
0.2956730769230769,,,,0.10254790936312469,0.08846933758380533,0.0866331127383485,0.10680930261179876,0.06446364340103786,0.007694930826400587
0.29807692307692313,,,,0.10986977742213774,0.10292180738664893,0.10097846850842325,0.10635706232656317,0.06394086501197216,0.00766675343773426
0.3004807692307693,,,,0.09869301910592157,0.0962540474800078,0.10065187265955557,0.09498247626920903,0.04120511049590458,0.011800150208380964
0.3028846153846154,,,,0.09655272908367993,0.09056247842344066,0.08987568559562682,0.08757870648293208,0.02898402983297184,0.011019356447069814
0.30528846153846156,,,,0.08893721266215371,0.08965093085095518,0.08283393869873179,0.09420351674122601,0.022585229334335998,0.011718001957244047
0.3076923076923077,,,,0.08634972177313019,0.08792488600897948,0.08904169786298775,0.08478293315977908,0.023346947258840775,0.010724517137937846
0.31009615384615385,,,,0.09624616387058191,0.08133521272986168,0.08032485117295761,0.09237624800898911,0.06884109716206792,0.012264511234438337
0.3125,,,,0.08933976564756124,0.07941842858193271,0.08727600562379642,0.07823330470165413,0.03288440596844702,0.010806005885019355
0.3149038461538462,,,,0.08775039965329309,0.08139723946435586,0.07395645512014021,0.08838186257572248,0.030376506075655115,0.011958590447103633
0.31730769230769235,,,,0.08137849603769001,0.08199418086900807,0.08358761096143753,0.07969795103772481,0.025833767239614003,0.010972280248686869
0.3197115384615385,,,,0.08051004962004671,0.07666842193584553,0.07539076155658095,0.08223218496937004,0.02235688499757536,0.011260064232461455
0.32211538461538464,,,,0.08688184323984699,0.08557093497045737,0.07773302566376364,0.09212863207341981,0.02628500978883407,0.012383997992774842
0.3245192307692308,,,,0.09311842913057694,0.09256983569607795,0.08676528877863429,0.09286886831654562,0.03507915885006006,0.012567011357264846
0.3269230769230769,,,,0.08550184509856007,0.08587327729589862,0.08792602332225986,0.09023886817301681,0.029652886942917234,0.012265897303699674
0.32932692307692313,,,,0.09885577169350063,0.09154447839176297,0.08533367527685276,0.09987212881662547,0.04982697432912352,0.013473913595088356
0.3317307692307693,,,,0.10067007297402086,0.09487735077314953,0.09437972876853591,0.0961532241399033,0.047239880373352625,0.013146745069060712
0.3341346153846154,,,,0.11456816780796913,0.1001562364400471,0.09111383256832604,0.11473978216582938,0.061568845282914786,0.015398857388366065
0.33653846153846156,,,,0.10832464585324977,0.11172496571938807,0.10852750981376288,0.11334223850915108,0.03229927883084366,0.015235330864152808
0.3389423076923077,,,,0.12664914908349398,0.11621927015289722,0.10715712017037439,0.12866922766862765,0.0499957437256985,0.017028025882375813
0.34134615384615385,,,,0.13178006460369635,0.12270604848121482,0.12115907104869275,0.14003198119212723,0.04705164231793015,0.018364111168461032
0.34375,,,,0.13397345313808326,0.13070042359983755,0.13229978039030707,0.12567261844631447,0.037767420958019715,0.01681268685793748
0.3461538461538462,,,,0.11598419092785256,0.10893523675396115,0.11902048496023188,0.11976371968709416,0.053323420744954296,0.01623925801486555
0.34855769230769235,,,,0.11857736461040924,0.10288164485593955,0.11331883633262962,0.09885357052797622,0.05985523364165274,0.013924610605653925
0.3509615384615385,,,,0.10004061618848861,0.09170051108296728,0.09331162794717845,0.09945923632060333,0.03958571281824273,0.014102338811922776
0.35336538461538464,,,,0.09472871864561819,0.05741216990832858,0.09416707025868552,0.06835065395372092,0.05658350132170874,0.010332390886126391
0.3557692307692308,,,,0.07992258215279527,0.060697833557685224,0.06469585313745943,0.08437055965248119,0.04572049053484229,0.012273712976452182
0.3581730769230769,,,,0.080347964006945,0.06421448270878391,0.07975491141173396,0.07920105959091989,0.03820804695166411,0.011820536396157247
0.36057692307692313,,,,0.072715132272102,0.06445781450846463,0.07484271789578159,0.06411896183259368,0.022048401275035028,0.010038800718274631
0.3629807692307693,,,,0.09752342526327071,0.0641570642971507,0.060692484253518336,0.1024321063301165,0.11984791491134612,0.014902875925971375
0.3653846153846154,,,,0.10056627274873434,0.09585079904531824,0.09681431046650889,0.09696636782290374,0.07075979847073754,0.014322988721403706
0.36778846153846156,,,,0.08986373321626387,0.08629716315632927,0.0915739038887657,0.09557455403957517,0.038105158911911456,0.014256427047010896
0.3701923076923077,,,,0.08882614030086697,0.09006076656647627,0.09007864189187732,0.0924643370923829,0.02252311903317503,0.013862159510893493
0.37259615384615385,,,,0.0888178714437376,0.08511352487635448,0.08751423299926754,0.08895856175500008,0.03399234071719686,0.013417764720315566
0.37500000000000006,,,,0.09059460621659016,0.08813556469967823,0.08426366878559176,0.09037944004702482,0.047865965425217906,0.014085153272114178
0.3774038461538462,,,,0.08433532641858094,0.08215423536113398,0.08542952758895817,0.07954869941617822,0.02628764218934006,0.012750214247295201
0.37980769230769235,,,,0.07270202800201223,0.06633689995343839,0.07520474849838261,0.06662706966041286,0.05458443114558616,0.011117475671929066
0.3822115384615385,,,,0.07254300084924914,0.06348396520657054,0.06299336505634907,0.07799809530575201,0.05363963969002349,0.012716323298805508
0.38461538461538464,,,,0.07942393675397005,0.07613561833506896,0.07373427955830107,0.0850892134125973,0.05298592689429553,0.013758363152110351
0.3870192307692308,,,,0.08229907869286818,0.08396636199431488,0.08055046510703494,0.08249489386283006,0.02343979316175727,0.013408358174360846
0.3894230769230769,,,,0.07556083853271367,0.07540241834009845,0.07804815122412129,0.07730986432597052,0.019854551524649496,0.01270890601376947
0.39182692307692313,,,,0.07537944612247535,0.06792262307240078,0.07308418603622219,0.07440884644280817,0.043673680127675786,0.012400693603665112
0.3942307692307693,,,,0.07438435488035675,0.07364801967723388,0.07007044770363376,0.07877411550205124,0.04150314730977301,0.01307968655162481
0.3966346153846154,,,,0.07655263393006034,0.07629313532279378,0.07492721487870167,0.07618920998794516,0.035801091677077894,0.012730644966144304
0.39903846153846156,,,,0.0822423311879456,0.07797292031952642,0.07206789842909311,0.08590229434302872,0.0425156673639344,0.014058752291198039
0.4014423076923077,,,,0.08265792160508537,0.08192611659772386,0.0815982025312328,0.08773681297516034,0.035426714239136785,0.014466171268253596
0.40384615384615385,,,,0.08078625786080171,0.08633445634104532,0.08291529451846825,0.0859675401851058,0.024029736703907855,0.014375509072067735
0.40625000000000006,,,,0.07985725470608518,0.08528882225294196,0.08123528719939953,0.0865662969102708,0.021053140193268677,0.014613987409675185
0.4086538461538462,,,,0.080794983758194,0.08274936176537637,0.08182018504089181,0.08012492212266614,0.023871475562053674,0.013849453546197548
0.41105769230769235,,,,0.07486480156255149,0.08158632606379929,0.07579540965975118,0.07978869126725696,0.01893651429918746,0.013953114500659275
0.4134615384615385,,,,0.07392539699148959,0.07933540398944706,0.07550751905928828,0.07819509495162988,0.016494353058084315,0.013870980424532045
0.41586538461538464,,,,0.0741235445228201,0.07326658275216481,0.07392921368144134,0.07698575314073218,0.023583496244607382,0.01377919345391594
0.4182692307692308,,,,0.0707872049875628,0.06647145122308128,0.0728762931569163,0.06927505850669174,0.035244506779765275,0.012725307482712542
0.420673076923077,,,,0.06445847292804235,0.06951865810593111,0.06553343625111202,0.06668955827622972,0.012758128135193347,0.012343492435764077
0.42307692307692313,,,,0.06196968383947652,0.06548754449700879,0.06291938434121638,0.06566204850511027,0.014890340837520954,0.012340630551164867
0.4254807692307693,,,,0.0642485429910033,0.06679584872503573,0.062179167564174895,0.070310862997297,0.017277804749817223,0.013035332005041176
0.4278846153846154,,,,0.06402172954241317,0.055914874357520156,0.06639725964517061,0.05451191991641287,0.02106404150801855,0.010738532670209107
0.43028846153846156,,,,0.0559783033446264,0.05414697934213074,0.05153587658959377,0.058304028448292605,0.025748038231402263,0.011444269821486537
0.4326923076923077,,,,0.05715987326085651,0.05185815256059509,0.05538529963741935,0.06071375932604853,0.033101217630883,0.01188111693067078
0.43509615384615385,,,,0.06310723105341098,0.06168163581049363,0.057485918644496384,0.06644525459963725,0.02631179940935951,0.012758303450754134
0.43750000000000006,,,,0.062154814323944325,0.06461206269732286,0.062730925511992,0.062055066074078624,0.018986655182587447,0.012086285729654991
0.4399038461538462,,,,0.05798345223753739,0.06262907476655111,0.05871431589959904,0.06272747724336018,0.015110361572040553,0.012189136408519092
0.44230769230769235,,,,0.06534891989853547,0.06504407252935468,0.05929548778546807,0.06799476589570391,0.02697709571376843,0.012995256184960748
0.4447115384615385,,,,0.06187360425428901,0.06273969646042121,0.06421765837702133,0.06201634961593898,0.024950600680296458,0.012368814419655164
0.44711538461538464,,,,0.05734329889562372,0.05927026664595553,0.058740013182191506,0.05905360013466164,0.020362068412315512,0.011904460170200627
0.4495192307692308,,,,0.054263019841651765,0.05781193201583025,0.05584467843821203,0.05747174553696777,0.01780353025586661,0.011676793784981682
0.451923076923077,,,,0.05212050100370789,0.055241835932514055,0.05430705972695754,0.05363025858002843,0.030101239976756716,0.011073691645773797
0.45432692307692313,,,,0.05128439107619901,0.055394589740759656,0.05060049122515255,0.05535185888598591,0.013816820865223994,0.011343894179386704
0.4567307692307693,,,,0.05160646284904561,0.056957769379890916,0.05237105578915753,0.0557596089696782,0.013078645602605153,0.011407844718081874
0.4591346153846154,,,,0.05052689885664859,0.05269848710182169,0.0527003559889455,0.05063365217655458,0.017609691420343777,0.010603114615826345
0.46153846153846156,,,,0.04699343653305287,0.045922075926168704,0.047886891911981824,0.04507382779650686,0.028922093732640083,0.009786176678795982
0.4639423076923077,,,,0.04602628690799259,0.04616313413618485,0.04263260782109145,0.04512983339853002,0.04316977744054935,0.00979496700135512
0.46634615384615385,,,,0.04652207981004367,0.04713614451426211,0.042687182422284656,0.04727208139762319,0.025019970422271744,0.01024888074008529
0.46875000000000006,,,,0.04353822253331382,0.0458933378636512,0.04475478088778859,0.04741591571929797,0.02514000238402922,0.010329799304240727
0.4711538461538462,,,,0.042831801866855174,0.046881731401351295,0.04484677314799897,0.04583379692720724,0.016063489954138793,0.010075684248227544
0.47355769230769235,,,,0.04164914060239378,0.04301109892519171,0.04335232548709307,0.04175212181881399,0.01956488665561489,0.009473086959400672
0.4759615384615385,,,,0.039817446723259105,0.03826970601432825,0.039496831292339635,0.03840478964100992,0.029542613441506167,0.009032259420860368
0.47836538461538464,,,,0.03622482703163859,0.03744999991296412,0.0363349870244707,0.03921759404097122,0.03183211033769536,0.009265729741864197
0.4807692307692308,,,,0.035418969020456686,0.03027673841906631,0.037102751196689696,0.03199150117922926,0.038103053804740564,0.008076543695636897
0.483173076923077,,,,0.030770802330214134,0.030884539692369244,0.030277084149873273,0.02998569005869896,0.017088778284257478,0.007745230595192216
0.48557692307692313,,,,0.027728554867824745,0.028494299733998956,0.02838242161019715,0.030392631477802624,0.01825752336554626,0.007812398520819428
0.4879807692307693,,,,0.030234145280742815,0.0314791865735551,0.028766812880274623,0.03365366660707324,0.013438464402276997,0.008350931382307733
0.4903846153846154,,,,0.0329403830601617,0.03432680727519938,0.03184714183245799,0.03559461619812114,0.014430970664669189,0.008671442282001982
0.49278846153846156,,,,0.03270442636208411,0.03276604091434039,0.033680536133049443,0.03146701196045826,0.013245970393932157,0.007989888018952855
0.4951923076923077,,,,0.02813130849998771,0.030876342239865965,0.029781657914196447,0.02943753000654527,0.013641497931857316,0.007667455951489678
0.49759615384615385,,,,0.02606585192379695,0.026439981030269507,0.027864637160737078,0.028781834958269085,0.02492876351553634,0.007562069857012679
0.5,,,,0.028304534978356125,0.02718745695379581,0.027245276632271945,0.029207273595262265,0.01917498929798158,0.007632425553086249
0.5024038461538461,,,,0.0421919161680128,0.0304618718242741,0.027647140120078236,0.045896546870665605,0.050754337832702875,0.010394376286314653
0.5048076923076923,,,,0.05871069315181807,0.04560471468442148,0.043411598221031966,0.04977655698077593,0.11769575904980327,0.011036414863692473
0.5072115384615385,,,,0.052093256405589324,0.05001563928060246,0.047076602430787345,0.05386695148884074,0.058597493396965974,0.011713258070493174
0.5096153846153847,,,,0.04978756145323781,0.049482903591362426,0.050940332850601,0.049667869703253,0.040701347278659906,0.011019744990902811
0.5120192307692308,,,,0.05341339791091552,0.05130648783692847,0.046973937302601465,0.05686625923899845,0.035973049521071145,0.012211938398811637
0.514423076923077,,,,0.05268480778224811,0.050007575275000396,0.05377343895858086,0.048797253661807816,0.030658078785248347,0.010876221418311165
0.5168269230769231,,,,0.04554024097998246,0.0451586551405017,0.04615156597861597,0.045417307752335545,0.025159944512274934,0.010317877139789043
0.5192307692307693,,,,0.04587076123023421,0.047453443798519485,0.04295891522816897,0.04940991095054888,0.025428130603089707,0.010981897332103299
0.5216346153846154,,,,0.04502673016771861,0.04664122263852534,0.04673027363108377,0.04600404839122477,0.01734481551754369,0.01041783559915552
0.5240384615384616,,,,0.050390845128911434,0.04805633919607387,0.0435131426794801,0.05014643176190517,0.04165337862530435,0.011104021310134052
0.5264423076923077,,,,0.05500897713367597,0.05071183789191071,0.04742598106420602,0.05710808572390465,0.04984714970656247,0.012256687040371705
0.5288461538461539,,,,0.053724998606891346,0.05540075927696052,0.054799347467357734,0.05536295931714712,0.03806702153560572,0.01196771062206073
0.53125,,,,0.05029501913247867,0.05131916154786055,0.052353441278922594,0.05250267755064145,0.032400538803277625,0.011494106284601223
0.5336538461538461,,,,0.04935093325189841,0.051505470783672416,0.04965165720384733,0.05124701343670092,0.022030466158749484,0.011286083950869524
0.5360576923076924,,,,0.05104261466896428,0.052826527020558164,0.048465575384023754,0.05185820469268328,0.024251142853203837,0.01138719714034437
0.5384615384615385,,,,0.059244107014986204,0.05253894043779324,0.04904289824210191,0.06127119407839485,0.04551755488777964,0.012945753879836099
0.5408653846153847,,,,0.05634139202920333,0.0527232466083838,0.05793427861122023,0.05348121585452999,0.036541503027044064,0.011683335594045514
0.5432692307692308,,,,0.05474583816531834,0.054982883241981514,0.05057597196330792,0.05779799181332666,0.03438869180929315,0.012399703586806421
0.545673076923077,,,,0.05825287684619793,0.05578219647811489,0.05468031343087504,0.05752198579368718,0.05652420959140457,0.012353930612950448
0.5480769230769231,,,,0.05859513245075076,0.057109259868109954,0.05443989179645761,0.05758982599192218,0.05614016976051164,0.012365093331483501
0.5504807692307693,,,,0.05291582163830844,0.042086808921385985,0.054348395854988615,0.04554528089263697,0.07507213822387247,0.010365948671557823
0.5528846153846154,,,,0.0431068677559587,0.04341006601086449,0.04308902761976881,0.04406552577851815,0.029336476764765987,0.010120275083022448
0.5552884615384616,,,,0.04216163125459485,0.044443153707273156,0.04174020471367368,0.04508245136417359,0.025521174902881673,0.010288980229141449
0.5576923076923077,,,,0.04228902599570755,0.046026686381820225,0.04261093781942932,0.04594297616423437,0.012720160606626774,0.01043172523985954
0.5600961538461539,,,,0.04441875021162421,0.047888938909568246,0.04345506160652929,0.04764092434374162,0.018693858493834092,0.010771634658446445
0.5625,,,,0.04798578188130479,0.04858116883726839,0.045103647702192856,0.047949985841208534,0.028268361755556377,0.010823257013652998
0.5649038461538461,,,,0.049730238173519924,0.049413010776850494,0.045380940145996085,0.052514906633393685,0.03522895097864879,0.011585234046733641
0.5673076923076924,,,,0.0507651375479903,0.053781687513894685,0.049716391613979796,0.05202160745027405,0.04045910345863534,0.011502824043706915
0.5697115384615385,,,,0.04742758445305365,0.045690291594935525,0.04914243572520227,0.04400003083886689,0.01939690024587249,0.010164197161214514
0.5721153846153847,,,,0.043414484664256035,0.044946419078167835,0.04162064800798547,0.0480309028416083,0.016455129549835825,0.01083673909091789
0.5745192307692308,,,,0.04351154988477224,0.0446182714459486,0.04542410530624093,0.04394409940818991,0.015102440518489333,0.010154690870657436
0.576923076923077,,,,0.04081645595624574,0.04440143418892893,0.041542609403533354,0.04318675318633383,0.013382094813057646,0.010028193596230276
0.5793269230769231,,,,0.03885781921282762,0.03880554876955654,0.04085349795658268,0.03774464628111268,0.024691710441903384,0.009120032313335674
0.5817307692307693,,,,0.03405173363914483,0.033990913935471545,0.0356888175338337,0.03764460718564128,0.022737770442137338,0.009103280614350681
0.5841346153846154,,,,0.033772417541406,0.035405874237592366,0.035620359958127096,0.03475149869099092,0.012786159103000686,0.008620470288430427
0.5865384615384616,,,,0.031070756580717396,0.03184371686934723,0.03282882992240431,0.03049926624382503,0.0176677766855823,0.007910882585387963
0.5889423076923077,,,,0.02987064168829969,0.03184726682926019,0.028774677408788352,0.032019682024290896,0.014912365255785171,0.00816452347897622
0.5913461538461539,,,,0.03309355066802954,0.03244001719849024,0.03029758295090768,0.034466147081730555,0.017935348470888825,0.008572680390265437
0.59375,,,,0.032481057748686495,0.03467252496217771,0.03269249045113025,0.03532566958404228,0.01859066169833017,0.008763104606318402
0.5961538461538461,,,,0.0378749901645084,0.03690449995953762,0.033407413262682664,0.040872956381048264,0.04362079641094615,0.009706094319632378
0.5985576923076924,,,,0.03751359288637278,0.03761107985465348,0.03864843097991952,0.041625387602547484,0.04085666693876784,0.009832457200242447
0.6009615384615385,,,,0.03798826337279645,0.03914975734910352,0.039386249864728204,0.03818056539496191,0.0343287413502455,0.009253822850001293
0.6033653846153847,,,,0.03503095195023079,0.03852916866266186,0.036135265386880513,0.03884239008143689,0.016753264770622868,0.00936499099926792
0.6057692307692308,,,,0.03680077475613623,0.03945772283964266,0.03676281718961416,0.03785291117579244,0.019571171602320272,0.009198786010159601
0.608173076923077,,,,0.03436194143014128,0.0348092133975606,0.03587767379005774,0.034404457197777585,0.019566963204981462,0.008619541661784566
0.6105769230769231,,,,0.03234227870565734,0.03370068803172416,0.03256248129134859,0.0336935619301489,0.017807027819605817,0.00850013097997641
0.6129807692307693,,,,0.030990434023058344,0.032997165840860154,0.03181334100714216,0.03199913262309266,0.024141210371908695,0.008215513984143781
0.6153846153846154,,,,0.029050463550690027,0.019913809347606653,0.030282261551060067,0.022659002472772725,0.03737655523589911,0.006646631770565486
0.6177884615384616,,,,0.02517278748961476,0.022734086711106587,0.021524116568545217,0.027802295997590484,0.019900084774431996,0.007510562078109931
0.6201923076923077,,,,0.027288767806081325,0.028665283001717074,0.026291745408237418,0.030526115614764888,0.020184298294248882,0.007968088067425248
0.6225961538461539,,,,0.02712356817562224,0.02751425615954638,0.02891182227424739,0.026549578061414617,0.014248077382388688,0.007300140300348776
0.625,,,,0.025938953361163426,0.02597641713376392,0.025162638251878058,0.02585393747671778,0.026969127739745177,0.0071832920387243345
0.6274038461538461,,,,0.02924761169790393,0.026864873921186975,0.02450911667175264,0.03283270499998921,0.027853730077109774,0.008355530972262673
0.6298076923076924,,,,0.03568033439517417,0.03181368348678093,0.031064753772676302,0.038039795400098844,0.05958083765198928,0.009230177382331282
0.6322115384615385,,,,0.03425075345468595,0.034881380256205505,0.03584604486299439,0.03348161632381452,0.027843219952733592,0.008464530054431218
0.6346153846153847,,,,0.03027335010222687,0.03149174488015169,0.0316892461315256,0.03267560155575645,0.028074197182798875,0.008329141953611395
0.6370192307692308,,,,0.03971559600796505,0.033935157300992766,0.030888464207782653,0.043544857040459906,0.05811419906416782,0.010154874705621226
0.639423076923077,,,,0.04367643329310944,0.041405598916235006,0.04129877801906183,0.04213989257046001,0.07190302399353554,0.009918879701090424
0.6418269230769231,,,,0.055154721312659326,0.044075198387825074,0.03988254845576936,0.05403609464915868,0.1261503562272983,0.01191711093240493
0.6442307692307693,,,,0.058824611025494696,0.04667742045090599,0.05112056847499449,0.06464802741686122,0.13746693075251737,0.013699620617500071
0.6466346153846154,,,,0.0593598672262425,0.053533587596859,0.06130641694288584,0.05388726360736951,0.11567700515820749,0.011892111453385382
0.6490384615384616,,,,0.04968304316756097,0.04774102663660093,0.05103419630376771,0.04640447651591856,0.11500192132603208,0.010635211288146458
0.6514423076923077,,,,0.06269668796907657,0.04860767949398319,0.04411983111475844,0.06096071347959625,0.369072445706594,0.07356104969088971
0.6538461538461539,,,,0.09836680668333653,0.057046337611631956,0.057516833628985436,0.08876323511866342,0.4769578370101798,0.0998245798863819
0.65625,,,,0.09480642362195962,0.08282945067207789,0.08401612917687926,0.09419462196701649,0.2115313474627002,0.10495524467027027
0.6586538461538461,,,,0.09696845321205949,0.09160996741019432,0.08917728514755395,0.09684408218409364,0.14398423572209768,0.10745797089110724
0.6610576923076924,,,,0.09024741446048584,0.07121470626289791,0.091379503794051,0.08509412696497194,0.19060099865355046,0.0963584180406166
0.6634615384615385,,,,0.10035568098323647,0.087654235300448,0.08030062693772913,0.10167793547811037,0.1688281963897542,0.11202414360671559
0.6658653846153847,,,,0.09376875249184702,0.09428865999448434,0.0965664565590708,0.09840859676817541,0.13292240798679775,0.10893575363613019
0.6682692307692308,,,,0.09114247705184397,0.09112449915804625,0.09308363449799198,0.09067583222033969,0.13590853735110367,0.10163090968814899
0.670673076923077,,,,0.08787501833294867,0.08442549399361397,0.08577878333156243,0.08975680066856828,0.1035688572594666,0.10076275351079927
0.6730769230769231,,,,0.09604211579455402,0.09340399486926984,0.08480334371166706,0.09621867694136876,0.1561970675238223,0.10686691509267601
0.6754807692307693,,,,0.10405124457155404,0.09581459875668055,0.0905674469717293,0.10839736321759448,0.19646622751096554,0.11837141690446479
0.6778846153846154,,,,0.10962859742815659,0.10725342985216431,0.10257276491496162,0.10765485717243023,0.1621453750077971,0.11767001421000063
0.6802884615384616,,,,0.10607009031250761,0.10566234449151933,0.10164002761715937,0.1026122135080187,0.1017515907137858,0.11290652004507971
0.6826923076923077,,,,0.09707390213791339,0.0966431429918441,0.09678942984617983,0.10529394843463744,0.10673741131834229,0.11543980009461224
0.6850961538461539,,,,0.09699212862483711,0.08434056423248568,0.09945840883347667,0.08123610504889935,0.10009882851247907,0.09271374432933543
0.6875,,,,0.08974560081144553,0.06930362136080055,0.07677376364097563,0.09290964507450532,0.14536208298382608,0.10374106354106198
0.6899038461538461,,,,0.09280563370587275,0.0956790058114204,0.08765853274858172,0.09809123661292111,0.0631719541441923,0.10863581420351376
0.6923076923076924,,,,0.09878627548078084,0.10159328872857906,0.09280693044455177,0.10236756293269644,0.07439836247728575,0.11267541257524039
0.6947115384615385,,,,0.1043257476769392,0.10029339097447722,0.09676060460849636,0.10451950506109926,0.1840605852124356,0.1147082283054843
0.6971153846153847,,,,0.10807029422470099,0.10816819031743495,0.09875437031362345,0.11591987562877008,0.18120360899071514,0.12547750007486874
0.6995192307692308,,,,0.10659501475743546,0.10302674027758829,0.10959436130257652,0.10421121284520528,0.08007186489435168,0.11441700228225618
0.701923076923077,,,,0.10338271312034097,0.10569154315010149,0.09836409606993232,0.108526435800417,0.07129909224753074,0.11849334423129358
0.7043269230769231,,,,0.10182789416526991,0.10669597925213783,0.10379573025439487,0.10894009005454332,0.10060505543585548,0.1188840996499986
0.7067307692307693,,,,0.11464098081464177,0.11128212848068554,0.10305484324554896,0.12172642935098434,0.12222077751777556,0.1309626164052521
0.7091346153846154,,,,0.1291546321257112,0.12477641257855908,0.11544365623307401,0.12303487950541621,0.18016701219370015,0.1321986336767222
0.7115384615384616,,,,0.1237954083721988,0.12299792113027642,0.11618573180285341,0.13443815949337037,0.08972997240543534,0.14297065389373084
0.7139423076923077,,,,0.1479944880389512,0.13531671641153875,0.12711310961090372,0.15596444851894953,0.22740772418686625,0.16330529654682754
0.7163461538461539,,,,0.15951717608864266,0.15549099493723356,0.14673181475464545,0.17068326841710826,0.1129675078410058,0.17720931615378457
0.71875,,,,0.18243885281557395,0.17355051284486955,0.16177193393820594,0.1939873451689238,0.24941397260528864,0.19922333228747657
0.7211538461538463,,,,0.20065158282173612,0.20157473861115105,0.18358458957282214,0.20237774930143493,0.2138152582430169,0.20714926280845286
0.7235576923076924,,,,0.19063067487523863,0.17731534507731705,0.19139459215621293,0.18364083259443773,0.23577472131449115,0.18944957907039495
0.7259615384615385,,,,0.1928421781037467,0.17917964969159703,0.17373493675616464,0.20299286146482,0.24292725059870063,0.20773032357497428
0.7283653846153847,,,,0.22902959190776007,0.20370175047176334,0.1918641385160814,0.24181095535302044,0.35837238645670205,0.24439953621533786
0.7307692307692308,,,,0.2416128229600707,0.24051151868178025,0.22805256450343805,0.2396298973611254,0.2790578267053231,0.24233921670807043
0.733173076923077,,,,0.2600917957998429,0.2419968824370656,0.2264640066250193,0.2808317936623252,0.27822803964072096,0.2812602697911128
0.7355769230769231,,,,0.27947452810314655,0.28105968199949577,0.26558062297502394,0.2855294673801481,0.12273503193555325,0.28569789103938875
0.7379807692307693,,,,0.2861181963145893,0.291874875555356,0.269748134875178,0.2865685180158208,0.2105526485056411,0.28667942212512243
0.7403846153846154,,,,0.27312059512644793,0.27839389291353145,0.2704066800937821,0.2696811770524251,0.21039804535220985,0.27072692585052394
0.7427884615384616,,,,0.2646043334471303,0.27419665901899276,0.25512205929394566,0.2698925601380189,0.21522523525544868,0.27092660731363066
0.7451923076923077,,,,0.26736442125691284,0.24971173103060787,0.2545416171609294,0.2739241682749617,0.2531347630504665,0.2747350346806348
0.7475961538461539,,,,0.257273718963479,0.2545827676060027,0.2587726367796109,0.25541836455983863,0.16451785797057739,0.2572536702068658
0.75,,,,0.24055917146100825,0.23963269900743508,0.2413485074077563,0.25294740851771474,0.20699195753742292,0.25491950066065
0.7524038461538463,,,,0.26640313839241725,0.26307004533189554,0.2393081047912383,0.27782024304535974,0.17768788910552225,0.2784154317704266
0.7548076923076924,,,,0.33977282951558335,0.27410357980539457,0.2624685885244286,0.3593824921484891,0.6039013168895218,0.35546258018935784
0.7572115384615385,,,,0.3430163271524411,0.31695888413013457,0.3399115788663225,0.31136839681968576,0.32362641362082534,0.31010643609212013
0.7596153846153847,,,,0.33854190328393513,0.31938245211165783,0.2937041239291773,0.34690660785188654,0.31777931710864865,0.3436773326167812
0.7668269230769231,,,,0.5373290031745777,0.4887358572507061,0.4557220251236598,0.5509498237079749,0.8687685058171647,0.5364251801987487
0.7692307692307693,,,,0.5235442514926679,0.45245035187297933,0.5182297054079401,0.43651942077873074,0.8434221843905789,0.4283293842110981
0.7716346153846154,,,,0.45596928614585963,0.429445329253109,0.41393479543757344,0.42903424412280344,0.669992056838848,0.42125856977530596
0.7740384615384616,,,,0.4293381671930392,0.42730511942588134,0.40574084799196747,0.41634066331500175,0.5725273332764255,0.40926767665811215
0.7764423076923077,,,,0.4038861577344705,0.3739505278072941,0.3935325911744815,0.4126675177458195,0.695040434400955,0.4057978680801289
0.7788461538461539,,,,0.45695772867151735,0.4273089533008851,0.390453266329983,0.4739192886227846,0.7088523302457571,0.4636588803983095
0.78125,,,,0.4480383620021236,0.441040502925289,0.4480649764441641,0.4412095198298713,0.41237222762185144,0.432759849817992
0.7836538461538463,,,,0.432921833673974,0.4514677145945972,0.4169619736436412,0.4463512741351595,0.3550726298040564,0.4376169683889039
0.7860576923076924,,,,0.41859261349236077,0.41756884474720485,0.4210331888577733,0.41295423857125835,0.2682247367994528,0.4060687168364932
0.7884615384615385,,,,0.38252500754276386,0.3975973701070786,0.38914722696741144,0.3969535589462795,0.20937913352516505,0.3909537982545131
0.7908653846153847,,,,0.3883489473547259,0.3879503659585033,0.3737595361722584,0.4109350263950675,0.2739898595516169,0.4041612835582157
0.7932692307692308,,,,0.41054321604322125,0.41604086036656623,0.3884534738087088,0.4385449595081988,0.2709686111151472,0.43024279354331657
0.795673076923077,,,,0.40669120102542616,0.4281567363579245,0.41272343701256653,0.42950181470997106,0.26628035803985745,0.4217002566459828
0.7980769230769231,,,,0.44077653759283414,0.43625539662235574,0.4061660679111381,0.4703329182775845,0.31111423797565696,0.467360637780199
0.8004807692307693,,,,0.4469327403902974,0.4620895340586738,0.44447151653448014,0.45014165900371966,0.23759531775094628,0.4489476154217969
0.8028846153846154,,,,0.47905789821134126,0.44932907821527107,0.4249073388711017,0.5079426598531562,0.5299488041420465,0.5054892308380569
0.8052884615384616,,,,0.4865860216715069,0.4631845159257399,0.4807418456543528,0.46067853365098843,0.42799018850751747,0.4601759663627848
0.8076923076923077,,,,0.4532407050584471,0.4566764732769479,0.43557045097478175,0.48551151847421764,0.334840913196535,0.4841031676504391
0.8100961538461539,,,,0.4518790761273155,0.47229210182724124,0.458441984508847,0.4592385589928162,0.20765080108680997,0.45878783264083384
0.8125,,,,0.43478904494967574,0.4491190494736196,0.43288346036025577,0.44868377787289315,0.23631991698413585,0.4488143282923221
0.8149038461538463,,,,0.41928112529321904,0.4331789005276694,0.42317360543578364,0.43017740179127545,0.258811511456206,0.4309747890338445
0.8173076923076924,,,,0.41878925476759377,0.4297989403923795,0.406775941962523,0.449784561713836,0.21799740270735216,0.44979680579667225
0.8197115384615385,,,,0.43341429356430755,0.4535182944021123,0.42462335836950527,0.4501069231838899,0.18178498628961276,0.4503054419315381
0.8221153846153847,,,,0.4255543226375641,0.45709867510216606,0.4253045395667847,0.4492789366313839,0.15777241038178927,0.44950677109973286
0.8245192307692308,,,,0.4405252082222323,0.4645739803803615,0.4241629698809295,0.44951474440691885,0.15622969742967271,0.449959260843341
0.826923076923077,,,,0.4218117152799546,0.44810448434327,0.4248605398268552,0.4534604122398119,0.1473740293148063,0.45376532392167
0.8293269230769231,,,,0.49007139745663,0.4663047403912299,0.42895107086118656,0.4727281299502264,0.6034827401143852,0.4723524819798262
0.8317307692307693,,,,0.4486367022247227,0.4627020458033342,0.4443999210835078,0.449280063642016,0.2460092072025305,0.4499589187933462
0.8341346153846154,,,,0.45253897914476615,0.447867681455359,0.42399463877620397,0.4314417524857078,0.2739021086389338,0.43205289669711017
0.8365384615384616,,,,0.4016323885932328,0.4122396645343889,0.4072602411722255,0.4105617653309733,0.26802417414305585,0.41193169672808405
0.8389423076923077,,,,0.43521133652604194,0.4039241748427307,0.38769708001675024,0.46813764826809773,0.3461634662758566,0.46765000337997503
0.8413461538461539,,,,0.4963130886896623,0.4852038275629651,0.44246631317790786,0.5248787527234704,0.5174316155981749,0.5238445500944865
0.8437500000000001,,,,0.5751957434293141,0.5392281313063754,0.49495573239592405,0.5743671820942843,0.9862470098004843,0.5716935424215069
0.8461538461538463,,,,0.5630306988708288,0.5853678998702772,0.5446768698176762,0.6018885034221356,0.5009180131561282,0.5986016485667128
0.8485576923076924,,,,0.6205199689272308,0.6259139362077916,0.5697284128970815,0.6143308146824463,0.6105139933973144,0.610637429150173
0.8509615384615385,,,,0.5877161947662791,0.6008876573752455,0.5762472414997167,0.6219220324054348,0.47602799117184585,0.617980460925843
0.8533653846153847,,,,0.6050010774324949,0.6243085699861619,0.5859813326510487,0.609439970226439,0.40120404570767754,0.606208079886599
0.8557692307692308,,,,0.5885952091613338,0.6149187374204989,0.5757186071691636,0.6332444288685525,0.3022932501156665,0.6288214920006174
0.8605769230769231,,,,0.7641201949213109,0.7389885985904641,0.6824454064310934,0.7727620592580087,0.9872621167229725,0.7641414538117808
0.8629807692307693,,,,0.7399255011179011,0.7591922922855296,0.7258916976073407,0.737414478759481,0.6106458956580807,0.7299363919209758
0.8653846153846154,,,,0.7573066442422476,0.7275382256997281,0.6964102406762365,0.802162243509072,0.7423136308502232,0.7925900911607389
0.8701923076923077,,,,0.8374616698653463,0.8585450264972908,0.8060514964389269,0.8703224530326744,0.8746762814286252,0.8589716442159909
0.8725961538461539,,,,0.8693809456980398,0.8986774662921609,0.8206592708478305,0.89474935104824,0.6532804851042311,0.8826204559508929
0.8750000000000001,,,,0.8462596301545828,0.8666570440475971,0.8412407754488433,0.8640020225016477,0.6249016042824573,0.8579443444308429
0.8774038461538463,,,,0.8593746826548933,0.8535537889873286,0.8151488063049711,0.8997908847679931,0.5384472678801779,0.8927995081622945
0.8798076923076924,,,,0.8952765808799358,0.8965979989752161,0.8495692541038754,0.9188337080647094,0.7143063100478614,0.9113454954244097
0.8822115384615385,,,,0.8627573085539932,0.8821251861975595,0.8688715822454384,0.8835015296072305,0.596966243032844,0.8769345847559741
0.8846153846153847,,,,0.822572663506657,0.8267861707323092,0.8334997317199879,0.851980588012347,0.7925658685646676,0.8462355348216803
0.8870192307692308,,,,0.8459977988487196,0.8522293901098228,0.8036411891074754,0.8960634116414473,0.5115766285868243,0.8891689221185305
0.889423076923077,,,,0.8453097322030609,0.8329443922019105,0.8465298021616369,0.8166098909963823,0.5563577214292322,0.8117871101936869
0.8918269230769231,,,,0.8023183998152641,0.8372663118000896,0.7705438545318555,0.8068464610350123,0.4660821608779788,0.8022782562920583
0.9927884615384616,,,,0.900166125873621,0.8594302666016281,0.8831974891499608,0.8815608616047447,0.8720604764209965,0.8835304583603967
0.9951923076923077,,,,0.8918226565165025,0.8560039850724567,0.8337573425371492,0.9218049737949356,0.8321946466700008,0.9231053268221131
1.0,,,,0.9999999999999999,0.9999999999999999,1.0,1.0,0.9999999999999999,1.0
